currentRanking,displayName,userUrl,tier,points,joined,totalGoldMedals,totalSilverMedals,totalBronzeMedals
1,Chris Deotte,/cdeotte,grandmaster,3974,2018-03-14,43,11,3
2,DanB,/dansbecker,grandmaster,3379,2011-04-06,42,3,22
3,Andrew Lukyanenko,/artgor,grandmaster,3258,2016-09-24,40,20,25
4,Abhishek Thakur,/abhishek,grandmaster,2603,2011-01-12,31,16,14
5,Alex Shonenkov,/shonenkov,grandmaster,2125,2018-05-17,18,3,5
6,xhlulu,/xhlulu,grandmaster,1904,2018-10-12,22,12,20
7,DATAI,/kanncaa1,grandmaster,1859,2017-07-06,18,6,4
8,Parul Pandey,/parulpandey,grandmaster,1799,2015-07-26,16,7,21
9,SRK,/sudalairajkumar,grandmaster,1783,2012-11-28,29,14,18
10,Rob Mulla,/robikscube,grandmaster,1747,2016-06-18,20,9,28
11,Konstantin Yakovlev,/kyakovlev,grandmaster,1681,2018-10-25,17,13,9
12,Heads or Tails,/headsortails,grandmaster,1669,2017-04-09,20,0,0
13,Gabriel Preda,/gpreda,grandmaster,1643,2016-10-27,25,24,34
14,Bojan Tunguz,/tunguz,grandmaster,1612,2015-09-11,20,36,98
15,Tarun Paparaju,/tarunpaparaju,grandmaster,1605,2017-10-22,16,8,11
16,Vitalii Mokin,/vbmokin,grandmaster,1426,2018-04-07,15,9,36
17,Prashant Banerjee,/prashant111,grandmaster,1389,2018-05-17,18,20,4
18,Peter,/pestipeti,grandmaster,1377,2017-01-12,15,13,5
19,Mr_KnowNothing,/tanulsingh077,master,1375,2019-02-04,9,4,0
20,Trigram,/nxrprime,master,1281,2020-01-13,6,8,30
21,Shivam Bansal,/shivamb,grandmaster,1273,2018-01-22,24,11,16
22,Raenish David,/raenish,master,1246,2018-08-03,11,5,2
23,Laura Fink,/allunia,grandmaster,1233,2015-11-04,16,5,5
24,Andrada Olteanu,/andradaolteanu,master,1221,2019-08-09,7,5,9
25,Shahules,/shahules,master,1201,2017-04-20,12,6,7
26,Iafoss,/iafoss,grandmaster,1199,2017-08-12,16,2,6
27,Yassine Ghouzam,/yassineghouzam,expert,1181,2017-07-06,3,1,2
28,Rachael Tatman,/rtatman,grandmaster,1166,2017-07-10,22,30,57
29,corochann,/corochann,master,1161,2016-02-01,11,8,8
30,Roshan Sharma,/roshansharma,grandmaster,1128,2019-05-21,15,10,5
31,Aleksey Bilogur,/residentmario,master,1095,2016-10-15,14,11,31
32,Kostiantyn Isaienkov,/isaienkov,master,1090,2016-09-28,13,5,14
33,Vopani,/rohanrao,master,1070,2013-07-09,9,8,7
34,Wei Hao Khoong,/khoongweihao,master,1069,2018-03-20,12,9,10
35,Anisotropic,/arthurtok,grandmaster,1033,2016-09-25,15,4,4
36,ColinMorris,/colinmorris,master,1012,2015-11-25,10,6,8
37,Mar√≠lia Prata,/mpwolke,master,995,2019-03-29,2,9,54
38,Leonardo Ferreira ,/kabure,grandmaster,977,2017-05-29,17,8,17
39,Muril√£o,/upadorprofzs,expert,947,2019-09-20,7,0,0
40,ragnar,/ragnar123,master,926,2017-08-24,8,12,9
41,Pavan Sanagapati,/pavansanagapati,grandmaster,926,2018-01-18,15,2,11
42,Nanashi,/jesucristo,grandmaster,912,2019-02-04,17,4,2
43,Mobassir,/mobassir,grandmaster,893,2018-07-01,15,4,7
44,Gunes Evitan,/gunesevitan,master,889,2019-01-15,5,6,6
45,Dieter,/christofhenkel,grandmaster,863,2017-11-17,16,8,5
46,Yury Kashnitsky,/kashnitsky,master,847,2014-03-27,11,17,25
47,Hidehisa Arai,/hidehisaarai1213,expert,825,2017-12-12,5,3,1
48,Serigne ,/serigne,expert,814,2017-03-18,2,1,3
49,kkiller,/kneroma,master,814,2017-12-15,3,8,8
50,Nico,/python10pm,expert,797,2019-09-11,5,4,11
51,Ertuƒürul Demir,/datafan07,master,771,2020-03-05,6,4,2
52,JohnM,/jpmiller,master,767,2015-05-31,13,7,28
53,Firat Gonen,/frtgnn,grandmaster,756,2018-10-07,15,3,4
54,Roman,/nroman,master,741,2018-03-06,7,6,3
55,Qishen Ha,/haqishen,master,729,2015-10-22,7,5,0
56,tito,/its7171,expert,710,2016-03-06,7,1,5
57,Caesar Lupum,/caesarlupum,master,693,2019-08-18,5,8,25
58,Will Koehrsen,/willkoehrsen,master,679,2017-03-20,8,6,3
59,ratan rohith,/ratan123,master,675,2018-02-19,12,3,0
60,Paulo Pinto,/paulorzp,master,674,2016-02-22,9,16,28
61,Y.Nakama,/yasufuminakama,master,674,2018-03-06,5,6,4
62,CPMP,/cpmpml,master,661,2012-12-16,11,7,14
63,Tensor Girl,/usharengaraju,master,654,2015-06-27,6,5,0
64,Ekrem Bayar,/ekrembayar,master,650,2017-05-03,6,8,16
65,NowYSM,/ashishpatel26,master,648,2017-01-07,5,17,60
66,olivier,/ogrellier,grandmaster,645,2016-01-02,17,9,10
67,K Scott Mader,/kmader,master,621,2012-11-04,10,16,53
68,Siddhartha,/meaninglesslives,master,619,2017-08-11,11,8,12
69,Rohit Singh,/rohitsingh9990,master,618,2019-11-05,3,9,8
70,Janio Martinez,/janiobachmann,master,616,2017-09-03,7,5,3
71,Giba,/titericz,master,612,2012-08-23,9,11,15
72,Henrique Mendon√ßa,/hmendonca,master,612,2015-10-26,11,8,7
73,kxx,/kailex,grandmaster,608,2013-03-11,15,4,6
74,Aleksandra Deis,/aleksandradeis,master,603,2018-01-08,6,5,12
75,Abhinand,/abhinand05,master,595,2018-12-08,4,7,0
76,Erik Bruin,/erikbruin,master,590,2017-11-24,12,1,0
77,Noah Weber,/zikazika,grandmaster,589,2018-03-31,15,0,10
78,Xavier,/xvivancos,grandmaster,564,2017-07-06,15,2,0
79,Kaggle Kerneler,/kerneler,expert,549,2018-07-19,0,1,4
80,Binu ,/biphili,master,542,2018-02-23,1,9,46
81,DimitreOliveira,/dimitreoliveira,master,537,2017-07-23,6,10,19
82,Ashwini Swain,/ash316,master,536,2016-10-05,8,7,8
83,Ashish Gupta,/roydatascience,master,520,2018-05-16,9,8,23
84,akensert,/akensert,master,519,2018-08-26,4,6,3
85,Benjamin Minixhofer,/bminixhofer,expert,515,2017-01-18,8,0,0
86,Alexander Teplyuk,/ateplyuk,master,514,2017-10-03,6,13,23
87,Scirpus,/scirpus,master,512,2014-09-29,8,14,80
88,beluga,/gaborfodor,master,510,2011-10-05,12,14,28
89,Devakumar kp,/imdevskp,expert,509,2017-09-30,1,3,8
90,Fares Sayah,/faressayah,master,509,2019-06-18,3,8,19
91,Yirun Zhang,/gogo827jz,master,508,2019-05-04,5,7,9
92,Anshul Sharma,/anshuls235,master,504,2017-10-11,3,8,5
93,Theo Viel,/theoviel,master,502,2018-07-12,6,10,8
94,Carl McBride Ellis,/carlmcbrideellis,expert,498,2019-11-17,1,7,26
95,Neuron Engineer,/ratthachat,master,494,2017-10-27,7,4,4
96,Jeremy Howard,/jhoward,expert,493,2010-10-13,8,1,0
97,Ulrich G.,/ulrich07,expert,491,2017-10-20,2,7,4
98,Carlos Souza,/carlossouza,expert,487,2017-02-16,5,3,10
99,Ruchi Bhatia,/ruchi798,master,462,2019-06-04,2,9,5
100,nvnn,/nvnnghia,expert,460,2018-11-27,3,2,4
101,Kaushal Shah,/kaushal2896,expert,457,2018-05-12,3,2,17
102,Madz2000,/madz2000,master,457,2020-02-28,6,5,4
103,Tawara,/ttahara,expert,450,2015-11-24,3,3,2
104,Welf Crozzo,/miklgr500,master,442,2017-08-11,5,6,15
105,Larxel,/andrewmvd,master,437,2016-11-15,3,8,5
106,OrKatz,/orkatz2,master,436,2017-05-26,3,7,3
107,Tarek Hamdi,/hamditarek,master,435,2018-02-27,3,7,11
108,MAINAK CHAUDHURI,/mainakchaudhuri,expert,435,2020-04-23,0,6,28
109,Siddharth Yadav,/thebrownviking20,master,433,2017-12-20,5,7,9
110,anokas,/anokas,master,432,2016-01-16,13,8,12
111,Ravi Chaubey,/ravichaubey1506,master,432,2019-03-13,2,13,6
112,Subin An,/subinium,master,429,2019-01-07,2,8,19
113,Fedi Ben Messaoud,/fedi1996,expert,428,2019-08-19,4,4,0
114,Heroseo,/piantic,expert,427,2019-07-22,1,1,7
115,Tucker Arrants,/tuckerarrants,expert,427,2020-01-24,1,5,10
116,Akshat Dubey,/akshat0007,master,416,2019-03-24,0,13,8
117,Tarun Kumar,/tarunkr,expert,415,2020-01-22,2,1,2
118,Ibtesam Ahmed,/ibtesama,expert,413,2018-02-05,4,3,4
119,Nitin Datta,/nitindatta,master,412,2018-07-21,5,7,2
120,Tien Tran,/tientd95,master,411,2018-11-11,5,5,0
121,Frank Mollard,/frankmollard,master,411,2020-01-09,3,9,6
122,Xingyu Bian,/therealcyberlord,expert,408,2019-02-19,1,0,5
123,shivan kumar,/shivan118,master,406,2019-06-11,2,10,8
124,Ahmet Erdem,/aerdem4,master,402,2015-11-22,4,9,12
125,ryches,/ryches,master,401,2017-04-21,4,10,15
126,Marie,/mariapushkareva,master,401,2018-10-08,4,6,0
127,Bruno Aquino,/braquino,expert,396,2018-06-05,6,1,1
128,Marco Vasquez E,/marcovasquez,master,395,2019-08-09,3,7,2
129,raddar,/raddar,master,394,2015-08-24,7,8,7
130,Michal Bogacz,/michau96,expert,380,2018-07-27,2,6,12
131,Hieu Phung,/phunghieu,master,376,2018-04-24,3,9,10
132,the1owl,/jazivxt,master,375,2018-10-15,5,8,23
133,ilovescience,/tanlikesmath,master,373,2016-07-29,2,8,11
134,Masum Rumi,/masumrumi,expert,368,2016-08-18,2,0,7
135,Chanran Kim,/seriousran,master,367,2017-08-01,2,12,12
136,Krutarth Darji,/krutarthhd,master,364,2019-01-04,4,6,0
137,NJ7,/namanj27,expert,364,2019-09-02,1,2,12
138,Gaurav Dutta,/gauravduttakiit,expert,362,2020-03-28,0,1,27
139,Mat Leonard,/matleonard,expert,356,2019-04-18,5,2,0
140,JasonZivkovic,/jaseziv83,expert,355,2017-05-18,7,2,9
141,Phoenix,/phoenix9032,expert,352,2018-09-11,5,3,9
142,Hongnan Gao,/reighns,expert,352,2019-07-17,5,1,3
143,Amy Jang,/amyjang,expert,352,2020-05-29,3,1,6
144,PAB97,/rftexas,expert,349,2017-09-30,4,4,5
145,Jagan,/jagangupta,expert,348,2015-12-10,4,3,2
146,Lathwal,/codename007,master,343,2017-04-11,12,5,3
147,Massoud Hosseinali,/mhviraf,expert,343,2018-02-03,4,2,10
148,soham mukherjee,/soham1024,expert,341,2019-01-15,2,5,13
149,sahib singh,/sahib12,master,340,2019-07-21,2,12,2
150,Vetrivel-PS,/vetrirah,expert,337,2017-08-04,6,0,0
151,Bavalpreet,/bavalpreet26,master,335,2018-12-19,0,10,12
152,nilim,/snanilim,master,334,2019-05-21,2,8,0
153,u++,/sishihara,expert,330,2018-02-09,1,4,19
154,harupy,/harupy,expert,329,2017-11-24,1,2,4
155,Bulent Siyah,/bulentsiyah,master,326,2017-08-04,3,8,6
156,Johar M. Ashfaque,/ukveteran,expert,326,2018-07-17,0,0,17
157,Rishabh Agrahari,/rishabhiitbhu,expert,325,2016-10-21,4,0,4
158,FabienDaniel,/fabiendaniel,master,325,2016-12-07,6,5,7
159,Mehdi G,/servietsky,expert,323,2018-05-11,0,9,12
160,Amin,/amiiiney,expert,323,2019-07-11,3,2,5
161,amrrs,/nulldata,master,322,2015-06-23,4,13,22
162,Raju Kumar Mishra,/dataraj,master,321,2012-12-31,5,7,1
163,Md. Redwan Karim Sony,/redwankarimsony,expert,318,2019-03-23,1,5,12
164,Shujian Liu,/shujian,master,317,2016-02-05,6,6,12
165,Carlo Lepelaars,/carlolepelaars,master,317,2018-05-31,4,7,4
166,Yashvi Patel,/yashvi,master,314,2017-12-22,1,9,5
167,Jesper S√∂ren Dramsch,/jesperdramsch,expert,313,2017-05-31,2,4,3
168,Siavash,/siavrez,expert,313,2018-12-06,3,5,3
169,Vlad Golubev,/golubev,master,305,2017-09-19,4,8,5
170,Fatih Bilgin,/fatihbilgin,expert,303,2018-09-02,5,3,3
171,Markus F,/friedchips,expert,300,2018-12-05,4,1,1
172,MichaelMayer,/mayer79,expert,297,2016-11-20,4,2,4
173,Dhananjay Raut,/dhananjay3,expert,288,2018-09-09,3,4,4
174,Human Analog,/humananalog,expert,284,2016-04-04,5,1,1
175,timesler,/timesler,expert,281,2014-08-08,4,1,1
176,Aguiar,/jsaguiar,master,280,2018-01-20,6,6,12
177,Vikas Singh,/vikassingh1996,master,280,2019-06-24,1,9,10
178,Eswar Chand,/eswarchandt,master,279,2019-07-27,0,10,6
179,Salman Ibne Eunus,/salmaneunus,expert,278,2019-07-22,0,3,17
180,Moore,/imoore,master,277,2020-06-20,0,10,6
181,NAIN,/aakashnain,master,276,2016-02-23,2,12,11
182,Gopi Durgaprasad,/gopidurgaprasad,expert,274,2018-07-10,0,6,15
183,Twinkle Khanna,/twinkle0705,expert,272,2019-09-01,1,6,1
184,nicapotato,/nicapotato,master,270,2017-01-13,5,10,23
185,Aayush Mishra,/aayushmishra1512,expert,267,2019-12-10,2,3,6
186,Alin Cijov,/alincijov,master,267,2020-04-25,0,10,3
187,Poonam Ligade,/poonaml,expert,265,2015-01-02,6,3,4
188,Mukharbek Organokov,/muhakabartay,expert,265,2018-04-04,0,8,13
189,M.Innat,/ipythonx,expert,265,2018-06-11,2,4,7
190,Tom Aindow,/taindow,master,263,2017-02-20,6,4,2
191,See--,/seesee,expert,262,2016-09-11,5,3,0
192,Jagdish Mirchandani,/jagdmir,expert,262,2018-08-07,1,7,5
193,Pavel Prokhorov,/pavelvpster,expert,259,2017-12-20,1,8,7
194,Aishwarya Wuntkal,/aishu2218,expert,259,2019-06-11,0,8,7
195,Chanhu,/chanhu,expert,255,2018-07-01,3,3,4
196,SAIF UDDIN,/saife245,master,253,2018-08-05,2,8,2
197,Deepak Deepu,/deepakdeepu8978,master,252,2019-08-30,1,10,2
198,from coffee import *,/ChristianDenich,expert,252,2020-05-02,1,3,3
199,Digvijay Yadav,/digvijayyadav,expert,251,2020-03-15,1,3,12
200,Ekhtiar Syed,/ekhtiar,expert,249,2015-11-11,5,0,3
201,Jiwei Liu,/jiweiliu,expert,248,2013-05-09,3,3,3
202,Serkan Peldek,/serkanpeldek,master,247,2017-12-19,2,8,9
203,Aman Kumar,/aestheteaman01,expert,246,2018-12-07,2,2,8
204,Vincent Lugat,/vincentlugat,master,245,2017-03-06,3,9,4
205,Naresh bhat,/nareshbhat,expert,245,2019-12-27,1,5,6
206,‚Äé‚Äé,/jtrotman,expert,244,2015-05-05,0,7,16
207,Alexey Pronin,/graf10a,expert,242,2017-11-30,4,4,8
208,Khoi Nguyen,/suicaokhoailang,master,240,2018-01-24,5,8,5
209,Patrick S√°nchez,/saga21,expert,240,2019-03-08,1,2,5
210,Jonathan Bouchet,/jonathanbouchet,master,239,2015-12-18,1,12,63
211,GoldFish,/go1dfish,expert,239,2018-05-21,3,1,2
212,Bukun,/ambarish,master,238,2013-05-27,2,15,36
213,RohanDeySarkar,/rohandeysarkar,expert,238,2018-07-15,4,0,4
214,Konrad Banachewicz,/konradb,expert,237,2010-08-03,2,6,21
215,Ruslan Baynazarov,/hocop1,expert,237,2018-02-13,1,2,7
216,Taner Sekmen,/tanersekmen,expert,236,2019-10-23,2,6,0
217,Yassine Alouini,/yassinealouini,expert,235,2014-03-10,1,4,20
218,Raja CSP,/rajacsp,expert,235,2015-09-01,1,3,5
219,Taha07,/taha07,expert,234,2020-03-20,0,5,16
220,Paras Varshney,/blurredmachine,master,233,2020-05-30,0,10,2
221,Lavanya Shukla,/lavanyashukla01,expert,232,2018-02-23,1,3,6
222,Siti k,/khotijahs1,expert,232,2018-11-30,0,2,22
223,Vladislav Bakhteev,/speedwagon,expert,230,2018-06-18,4,2,3
224,Vikas Ukani,/vikasukani,expert,230,2020-07-17,0,9,2
225,Niharika Pandit,/niharika41298,expert,227,2019-01-20,1,5,4
226,YouHan Lee,/youhanlee,master,226,2017-07-05,5,6,17
227,Denis Larionov,/dlarionov,expert,226,2018-04-21,1,1,4
228,Aditya Soni,/adityaecdrid,expert,225,2016-12-14,5,3,8
229,Marcos Martins Marchetti,/mmmarchetti,expert,224,2019-06-25,2,5,7
230,Andy Harless,/aharless,master,223,2017-01-21,3,17,45
231,Branden Murray,/brandenkmurray,expert,221,2013-12-21,5,3,4
232,Victor Basu,/basu369victor,expert,219,2018-03-05,1,5,11
233,Chris X,/docxian,expert,218,2017-10-12,0,0,33
234,nosound,/zaharch,expert,216,2018-09-13,3,2,8
235,Alexandru Papiu,/apapiu,expert,214,2015-08-14,5,4,7
236,NQ,/david1013,expert,214,2017-09-28,2,2,6
237,G Ranjith kumar,/granjithkumar,master,214,2020-01-10,0,10,0
238,Ouassim Adnane,/ishivinal,master,212,2016-12-27,1,9,2
239,Isamu,/yamsam,expert,212,2017-12-07,3,2,1
240,Utku_Kubilay,/utkukubilay,expert,211,2019-05-25,1,7,2
241,Adriano Avelar,/adrianoavelar,expert,210,2018-05-24,4,1,3
242,milan,/milan400,expert,210,2018-06-15,0,6,9
243,Tilii,/tilii7,master,208,2016-03-06,8,9,13
244,TJ Klein,/teejmahal20,expert,208,2019-02-12,2,4,6
245,Robin Smits,/rsmits,expert,206,2017-05-14,2,4,6
246,Chirag Samal,/chirag9073,master,205,2019-07-11,1,9,0
247,Saba Tavoosi,/tavoosi,expert,204,2018-12-07,3,2,0
248,Pratik Mukherjee,/pratik1120,expert,204,2019-06-08,0,2,21
249,Tanuj dhiman,/tanujdhiman,expert,204,2020-01-20,0,3,16
250,sibmike,/sibmike,expert,203,2017-11-21,3,4,3
251,Yegor Biryukov,/yegorbiryukov,expert,203,2018-08-08,1,0,8
252,K_mat,/kmat2019,expert,203,2019-03-14,4,1,2
253,Konstantin Lopuhin,/lopuhin,expert,200,2011-10-27,4,2,3
254,Dezs≈ë Ribli,/riblidezso,expert,200,2015-11-17,2,2,1
255,Francois Lemarchand,/frlemarchand,expert,199,2019-03-07,2,3,2
256,Shangqiu Li,/unkownhihi,expert,199,2019-06-06,2,3,4
257,katsu1110,/code1110,expert,198,2016-04-18,0,4,16
258,Prashant Kikani,/prashantkikani,master,198,2017-09-16,4,10,15
259,Zenify,/debanga,expert,198,2018-09-23,1,3,5
260,Bibek,/bibek777,expert,196,2018-01-03,1,8,4
261,Yaroslav Isaienkov,/ihelon,expert,193,2017-10-05,0,5,12
262,Rupa Lahiri,/rblcoder,expert,193,2018-05-01,1,2,17
263,RNA,/bigironsphere,expert,192,2018-01-17,4,3,3
264,Vikum Sri Wijesinghe,/vikumsw,master,189,2017-07-18,1,9,0
265,Amritvir Singh,/amritvirsinghx,expert,188,2018-06-13,0,4,7
266,Felipe Mello,/felipemello,expert,188,2019-01-09,3,0,3
267,Wojtek Rosa,/wrrosa,expert,188,2019-11-04,1,5,6
268,Aditta Nishad,/adinishad,expert,187,2020-06-10,0,1,19
269,Z√∂hrab Ahundov,/zohrab,master,186,2018-02-15,0,10,1
270,The ML PhD Student,/themlphdstudent,expert,186,2020-07-24,0,3,11
271,Sergey Bryansky,/sggpls,expert,185,2016-01-12,4,1,1
272,Jonathan Besomi,/jonathanbesomi,expert,184,2018-10-04,2,0,3
273,Saurav Anand,/saurav9786,expert,184,2019-04-18,0,6,6
274,Fatma Kur≈üun,/fatmakursun,expert,183,2017-12-17,2,2,10
275,Andy Penrose,/andypenrose,expert,182,2017-09-06,2,2,1
276,Yih-Dar SHIEH,/yihdarshieh,expert,182,2018-01-06,0,5,8
277,Raj Mehrotra,/rajmehra03,expert,182,2018-05-16,2,3,9
278,Arunkumar Venkataramanan,/arunkumarramanan,master,181,2017-03-08,3,9,1
279,FChmiel,/fchmiel,expert,181,2018-10-16,2,3,2
280,Luca Basanisi,/lucabasa,expert,180,2017-07-24,0,6,11
281,ask9,/arbazkhan971,expert,180,2017-10-21,0,6,3
282,Golden,/goldens,expert,180,2018-07-24,1,4,2
283,OsciiArt,/osciiart,expert,179,2017-03-31,2,4,6
284,Mekhdi Gakhramanian,/mekhdigakhramanian,expert,179,2020-06-27,0,2,9
285,Kunaal Naik,/funxexcel,expert,178,2017-11-19,1,3,6
286,Chandrima D,/chandrimad31,expert,178,2020-06-02,0,4,11
287,Manh Lab,/doanquanvietnamca,expert,177,2019-08-04,0,3,10
288,Arpit Dwivedi,/arpitdw,expert,176,2018-09-30,0,8,0
289,Arindam Baruah,/arindambaruah,expert,175,2020-03-27,0,0,21
290,Md Mahmud Ferdous,/mdmahmudferdous,expert,173,2019-12-25,0,3,9
291,BryanB,/bryanb,expert,172,2016-10-16,0,3,13
292,Hyun woo kim,/chocozzz,expert,172,2018-03-04,3,5,12
293,Bunty,/subbhashit,expert,172,2019-08-12,0,2,15
294,koustubhk,/kkhandekar,expert,172,2019-10-09,0,0,13
295,Peter Hurford,/peterhurford,master,171,2014-05-08,3,9,5
296,Kassem,/elcaiseri,expert,170,2018-11-24,1,5,7
297,Sachin Sharma,/sachinsharma1123,expert,170,2020-04-11,0,0,18
298,darth manav,/darthmanav,expert,170,2020-08-04,0,3,12
299,KeepLearning,/mathormad,expert,169,2017-04-24,4,1,0
300,yuval reina,/yuval6967,expert,168,2018-01-15,1,4,0
301,Sreshta Putchala,/sreshta140,expert,168,2019-05-15,0,4,7
302,Tanay Mehta,/heyytanay,expert,168,2019-07-10,0,2,10
303,Zafar,/fizzbuzz,expert,167,2016-08-15,2,1,9
304,Shruti_Iyyer,/shrutimechlearn,expert,166,2016-12-30,2,2,12
305,Daniboy370,/daniboy370,expert,166,2020-04-16,0,5,3
306,Darshan Jain,/darshanjain29,expert,165,2019-12-02,0,4,7
307,rpyverse,/pranav84,master,164,2016-10-08,3,10,16
308,Amit Hasan Shuvo,/amithasanshuvo,expert,164,2018-12-31,0,3,15
309,Pavlo Fesenko,/pavlofesenko,expert,163,2018-09-04,5,1,0
310,AjayKumar,/ajaykumar7778,expert,163,2019-08-31,2,0,7
311,ZFTurbo,/zfturbo,master,162,2015-11-08,8,15,11
312,Philipp Spachtholz,/philippsp,expert,162,2017-02-28,4,2,5
313,V.Prasanna Kumar,/vpkprasanna,expert,162,2017-11-20,0,1,12
314,Pradeep Muniasamy,/pradeepmuniasamy,expert,161,2017-06-15,1,5,6
315,funkyboy,/super13579,expert,160,2015-03-22,1,5,9
316,Vatsal Parsaniya,/vatsalparsaniya,expert,160,2019-03-07,1,1,6
317,Nida G√ºler,/nidaguler,expert,160,2019-07-03,0,1,13
318,Aman Miglani,/datatattle,expert,160,2019-10-15,0,5,3
319,Bruno Gorresen Mello,/bgmello,expert,159,2018-10-06,1,1,3
320,Nischay Dhankhar,/nischaydnk,expert,159,2020-03-21,1,3,5
321,David Mezzetti,/davidmezzetti,expert,157,2016-03-12,1,0,15
322,Harsh Kothari21,/harshkothari21,expert,157,2020-04-15,1,4,1
323,Josu√© Nascimento,/josutk,expert,155,2017-12-09,0,3,9
324,Olga Belitskaya,/olgabelitskaya,expert,154,2016-12-21,0,1,21
325,ChewZY,/chewzy,expert,154,2018-04-15,2,1,5
326,James McGuigan,/jamesmcguigan,expert,153,2015-02-15,0,3,11
327,Ilia Larchenko,/ilialar,expert,153,2017-03-08,2,1,2
328,Vipul Gandhi,/vipulgandhi,expert,153,2018-11-29,1,1,10
329,Neelima Jauhari,/nilimajauhari,expert,153,2019-03-02,0,5,6
330,Solve for Fun,/anshumoudgil,expert,151,2017-05-15,0,0,6
331,William Horton,/hortonhearsafoo,expert,150,2017-05-06,2,0,11
332,Saman Siadati,/samansiadati,expert,150,2018-01-11,0,3,6
333,Kshitij Mohan,/kshitijmohan,expert,150,2020-03-24,0,5,3
334,MEJBAH AHAMMAD,/mejbahahammad,expert,150,2020-08-21,0,0,12
335,Furkan Gulsen,/codeblogger,expert,149,2019-08-23,0,0,15
336,Ana Sofia Uzsoy,/anasofiauzsoy,expert,148,2020-05-12,1,1,3
337,Amrit Virdee,/avirdee,expert,147,2017-05-02,1,1,4
338,Sugandh ,/sugandhkhobragade,expert,147,2018-04-21,0,2,12
339,NZ,/nz0722,expert,147,2019-03-07,2,1,2
340,Naim Mhedhbi ,/naim99,expert,147,2019-09-27,0,1,12
341,Aadhav Vignesh,/aadhavvignesh,expert,147,2020-02-07,1,0,7
342,Bruno G. do Amaral,/bguberfain,expert,146,2014-09-02,4,5,16
343,Anton Bazdyrev,/abazdyrev,expert,146,2018-03-06,2,1,5
344,jameschapman19,/jameschapman19,expert,146,2018-06-05,1,1,6
345,Achintya Tripathi,/achintyatripathi,expert,146,2019-07-02,0,2,11
346,__n1kshaN__,/sudarshanpatil,expert,145,2020-03-17,0,0,16
347,Sankha Subhra Mondal,/sankha1998,expert,145,2020-04-08,0,3,8
348,Charel van Hoof,/charel,expert,144,2018-07-09,0,4,8
349,Troy Walters,/captcalculator,master,143,2015-07-08,5,7,14
350,alijs,/alijs1,expert,143,2016-07-20,1,4,6
351,sourcecode369,/rhtsingh,expert,143,2017-10-05,0,2,10
352,Matt,/mattbast,expert,143,2018-11-02,2,1,3
353,Niraj,/nirajpoudel,expert,143,2020-02-13,0,2,7
354,Jeffrey Braun,/jeffreybraun,expert,143,2020-04-11,0,0,14
355,Rishi Damarla,/rishidamarla,expert,143,2020-06-10,0,0,14
356,Shuhao Cao,/scaomath,expert,142,2019-01-26,3,4,2
357,fchollet,/fchollet,expert,141,2013-09-01,2,4,1
358,Heng Zheng,/hengzheng,expert,140,2017-08-02,2,3,7
359,Ramesh Babu Gonegandla,/rameshbabugonegandla,expert,140,2019-10-03,0,2,9
360,Leonie,/iamleonie,expert,140,2019-10-08,0,4,2
361,Ryan Epp,/reppic,expert,139,2017-08-06,2,3,2
362,Subbu Vidyasekar,/subbuvolvosekar,expert,137,2014-09-02,1,2,6
363,Balraj Ashwath,/balraj98,expert,137,2018-03-12,0,1,11
364,OmerS,/omershect,expert,137,2018-04-19,1,1,3
365,Mani Sarkar,/neomatrix369,expert,137,2018-12-16,0,1,9
366,David Beniaguev,/selfishgene,master,136,2013-09-27,4,11,4
367,Kamal Khumar,/kamalkhumar,expert,136,2020-04-02,0,0,12
368,NanoMathias,/nanomathias,expert,135,2016-08-19,4,2,3
369,Atul Anand {Jha},/atulanandjha,expert,135,2018-03-22,0,8,1
370,Benlei Cui,/raininbox,expert,135,2019-08-06,1,3,1
371,Abhishek,/iabhishekmaurya,expert,135,2019-09-20,0,1,10
372,Ashaab Rizvi,/ashaabrizvi,expert,135,2020-08-23,0,4,3
373,Kwabena,/kwabenantim,expert,134,2013-05-23,1,4,2
374,Rob Harrand,/tentotheminus9,expert,134,2015-06-12,1,0,19
375,Andre Sionek,/andresionek,expert,134,2018-01-13,3,2,3
376,sakami,/sakami,expert,134,2018-08-07,2,3,1
377,Muhammet Ikbal Elek,/mielek,expert,134,2020-02-08,0,5,6
378,Ashadullah Shawon,/shawon10,expert,133,2017-09-29,0,3,10
379,Sandeep Kumar,/aitude,expert,133,2019-06-29,1,1,5
380,Kurian Benoy,/kurianbenoy,expert,132,2017-10-04,0,2,11
381,sayak ,/sayakdasgupta,expert,132,2020-03-17,0,5,1
382,Matt Yates,/yeayates21,expert,131,2016-12-12,0,5,3
383,Tanrei(nama),/tanreinama,expert,131,2017-12-27,2,2,8
384,Dan Ofer,/danofer,expert,130,2013-06-14,0,3,21
385,Vladimir Demidov,/yekenot,master,130,2017-02-25,4,6,3
386,steubk,/steubk,expert,129,2014-07-09,0,5,8
387,Tolga Dincer,/tolgadincer,expert,129,2015-04-19,0,3,4
388,Marsh,/vbookshelf,expert,129,2017-05-22,1,1,19
389,Tolga Kaplan,/darkside92,expert,129,2018-09-23,1,4,1
390,Hayato Iida,/iicyan,expert,129,2018-10-15,0,3,3
391,RAMPRASSATHTC,/ramtc1983,expert,129,2020-06-01,0,6,0
392,Aditi Kothiya,/aditi81k,expert,127,2018-05-21,0,2,8
393,Bongo,/sbongo,expert,126,2016-11-02,2,0,4
394,Navin Mundhra,/navinmundhra,expert,126,2019-03-30,1,2,5
395,Vaibhav Kumar,/drvaibhavkumar,expert,126,2020-02-29,0,2,9
396,Psi,/philippsinger,expert,125,2012-03-29,0,4,8
397,Chris Miles,/chrisrichardmiles,expert,125,2019-05-03,0,2,8
398,DiegoJohnson,/diegojohnson,expert,125,2019-10-17,1,2,6
399,Neha Prabhavalkar,/nehaprabhavalkar,expert,125,2019-10-19,0,3,5
400,Nayu.T.S.,/nayuts,expert,125,2019-10-20,0,2,7
401,Fellipe Gomes,/gomes555,expert,124,2017-08-17,0,1,10
402,Lorenzo Ampil,/enzoamp,expert,123,2016-02-28,1,2,2
403,daisukelab,/daisukelab,expert,123,2017-05-08,2,2,4
404,deja vu,/dejavu23,expert,123,2017-08-23,3,2,4
405,DavidS,/davids1992,expert,122,2016-06-29,1,3,2
406,currypurin,/currypurin,expert,122,2017-03-04,1,1,5
407,Miguel Pinto,/mnpinto,expert,122,2018-01-05,2,1,4
408,Hung The Nguyen,/hung96ad,expert,122,2018-04-27,2,2,6
409,Arun P R,/arunprathap,expert,122,2020-06-09,1,0,6
410,plasticgrammer,/plasticgrammer,expert,121,2017-11-28,2,2,5
411,G√∂rkem G√ºnay,/gorkemgunay,expert,121,2018-09-10,0,4,2
412,Maunish dave,/maunish,expert,121,2019-03-08,1,2,2
413,Abhishek Prajapat,/abhishekprajapat,expert,121,2019-12-29,0,3,5
414,Stanley Zheng,/stanleyjzheng,expert,121,2020-06-02,1,1,3
415,Gilles Vandewiele,/group16,expert,120,2015-10-15,0,3,7
416,Zac Dannelly,/dannellyz,expert,120,2017-10-17,0,3,5
417,Aashita Kesarwani,/aashita,expert,119,2016-12-23,3,1,4
418,ùíüùíæùìÇùëíùìÉùìàùíæùëúùìÉ,/coolcoder22,expert,119,2018-02-06,1,4,3
419,Oleg Panichev,/opanichev,expert,118,2014-06-10,2,5,11
420,Wojtek Rosinski,/wrosinski,expert,118,2016-03-19,1,2,10
421,Blesson Densil,/blessondensil294,expert,118,2018-01-23,0,3,3
422,U.takahiro,/takahiro1127,expert,118,2018-07-19,1,0,4
423,Rajesh kumar jha,/rajeshjnv,expert,118,2018-08-10,0,6,2
424,Rahul Nambiar,/rahulvv,expert,118,2019-12-10,0,2,6
425,deepak kumar,/mustang007,expert,118,2020-04-01,0,0,8
426,Sanchit Vijay,/sanchitvj,expert,118,2020-04-24,0,2,7
427,Chia-Ta Tsai,/cttsai,expert,117,2014-12-22,1,6,15
428,nagiss,/nagiss,expert,117,2018-08-11,1,0,6
429,Ilu,/ilu000,expert,117,2019-01-05,1,3,6
430,Venturillo JE,/seraphwedd18,expert,117,2019-04-11,1,1,3
431,Chittal Patel,/chittalpatel,expert,117,2019-12-31,1,3,1
432,Samrat Pandiri,/samratp,master,116,2017-04-20,1,10,7
433,Thiago Panini,/thiagopanini,expert,116,2018-08-31,1,2,3
434,Nayan Sakhiya,/nayansakhiya,expert,116,2020-04-01,1,0,6
435,Misha Lisovyi,/mlisovyi,expert,115,2018-02-16,2,2,11
436,Sanyam Bhutani,/init27,expert,115,2018-04-04,1,3,8
437,Anmol Kumar,/anmolkumar,expert,115,2018-04-12,0,2,8
438,Vaishvik,/vaishvik25,expert,115,2018-12-21,0,4,9
439,Janvi Chokshi ,/janvichokshi,expert,115,2019-01-07,1,1,4
440,David Tang,/dcstang,expert,115,2019-07-12,2,1,4
441,Sahid Velji,/sahidvelji,expert,115,2019-10-05,1,0,6
442,Dinesh Kumar Talaicha,/dktalaicha,expert,115,2019-12-19,0,2,6
443,sandy1112,/sandy1112,expert,114,2016-04-01,0,2,6
444,Venkataramanan Krishnan,/venkatkrishnan,expert,114,2017-08-03,0,0,10
445,Shaitender Singh,/shaitender,expert,114,2017-09-12,0,1,10
446,Parth Chokhra,/parthplc,expert,114,2018-07-09,0,0,10
447,Alexandre Sauv√©,/asauve,expert,114,2018-10-29,3,0,2
448,Sanjaya,/sanjayar,expert,113,2018-08-05,0,4,3
449,Ritesh Yadav,/ritesh2000,expert,113,2019-11-07,0,4,4
450,Demetry Pascal,/demetrypascal,expert,113,2019-11-18,0,0,9
451,Allohvk,/allohvk,expert,113,2020-01-16,0,2,6
452,Christian Lillelund,/christianlillelund,expert,113,2020-04-16,0,0,16
453,‚Äé,/hengck23,expert,112,2013-07-11,0,5,2
454,Leigh,/leighplt,expert,112,2018-02-06,1,7,9
455,pranshu,/pranshu29,expert,112,2018-10-15,0,4,2
456,Curtis Thompson,/cwthompson,expert,112,2019-09-03,1,0,6
457,Harshit Tyagi,/hrtyagi,expert,112,2020-07-01,0,3,4
458,Gokul Prakash P,/gokulprakash22,expert,112,2020-08-19,0,5,0
459,toshi_k,/toshik,expert,111,2014-03-07,2,1,5
460,BARKHA VERMA,/barkhaverma,expert,111,2020-02-19,0,1,7
461,Vishal Vanpariya,/vishalvanpariya,expert,111,2020-04-05,0,3,2
462,Paul Dnt,/pednt9,expert,110,2018-06-12,1,3,4
463,Khanh Vu,/duykhanh99,expert,110,2018-11-15,2,1,5
464,Ayushi Mishra,/ayushimishra2809,expert,110,2019-08-26,0,4,4
465,Dmitriy Kravtsov Odessa,/dmkravtsov,expert,110,2020-03-30,1,0,6
466,Gokagglers ,/loveall,expert,109,2013-09-23,0,0,7
467,hukuda222,/hukuda222,expert,109,2017-07-19,2,0,3
468,Kostya Atarik,/kostyaatarik,expert,109,2018-01-11,4,1,4
469,ITK8191,/itsuki9180,expert,109,2018-09-27,0,2,5
470,QuantScientist,/solomonk,expert,108,2016-07-04,1,4,10
471,Pranav Kasela,/pranavkasela,expert,108,2017-05-10,0,2,10
472,Derya Tanyƒ±ldƒ±z,/tanyildizderya,expert,108,2018-10-10,0,1,10
473,Chintan Chitroda,/chintanchitroda,expert,108,2019-08-26,0,5,4
474,Swagatam Biswas,/swagatambiswas,expert,108,2019-10-22,0,3,2
475,Magesh T,/magesht,expert,108,2020-05-29,0,5,0
476,KraLMachine,/kralmachine,expert,107,2018-03-11,2,1,7
477,Mustafa Fatakdawala,/mastmustu,expert,107,2018-05-21,0,0,11
478,Mahmud Hasan,/mahmudds,expert,107,2018-09-10,0,2,6
479,Loulou ,/louise2001,expert,107,2019-08-22,0,4,5
480,Jay Faldu,/jayfaldu,expert,107,2020-04-26,0,3,3
481,Maxwell,/maxwell110,expert,106,2015-12-02,2,3,3
482,Jeff Delaney,/jeffd23,expert,106,2016-06-07,4,2,3
483,kohei-mu,/koheimuramatsu,expert,106,2017-05-03,0,1,8
484,Ramshankar Yadhunath,/thedatabeast,expert,106,2017-11-18,0,2,4
485,Yash Choudhary,/yashchoudhary,expert,106,2018-07-15,1,1,5
486,Aayush Jain,/foolofatook,expert,105,2020-07-05,0,2,5
487,Ceshine Lee,/ceshine,expert,104,2013-05-14,1,5,10
488,Motaz Saad,/mksaad,expert,104,2016-05-13,0,0,7
489,Hitesh palamada,/hiteshp,expert,104,2016-07-16,1,3,11
490,Masa,/sajikim,expert,104,2018-08-20,0,1,8
491,Debjyoti Banerjee ,/jl18pg052,expert,104,2019-06-29,0,0,11
492,√ñmercan Savgan,/omercansvgn,expert,104,2019-09-23,0,1,6
493,Yash Khandelwal,/yashk07,expert,104,2020-04-01,0,1,8
494,datasaurus,/anjum48,expert,103,2015-09-18,1,3,2
495,Raman,/samusram,expert,103,2015-12-24,1,2,3
496,MPWARE,/mpware,expert,103,2016-08-28,1,4,3
497,Fred Navruzov,/frednavruzov,expert,103,2016-09-22,3,5,4
498,Nilan,/nilanml,expert,103,2016-11-30,1,5,4
499,Prageeth Anjula,/praanj,expert,103,2019-01-06,0,3,4
500,Abhijeet Bhilare,/abhijeetbhilare,expert,103,2019-08-14,0,1,13
501,Anany Sharma,/ananysharma,expert,103,2020-01-23,0,1,9
502,Jai Ganesh Nagidi,/jaiganeshnagidi,expert,103,2020-03-10,0,1,6
503,Sujan Shirol,/sujan97,expert,103,2020-05-08,0,2,5
504,Faraz Rahman,/farazrahman,expert,102,2016-03-15,1,7,13
505,Nitesh Chaudhry,/niteshx2,expert,102,2018-08-31,1,3,2
506,tolgahancepel,/tolgahancepel,expert,102,2018-09-17,1,0,9
507,Jagadish Sivakumar,/jagadish13,expert,102,2020-03-30,0,1,7
508,Sujay S,/sujay12345,expert,102,2020-05-20,0,3,3
509,Juanma Hern√°ndez,/juanmah,expert,101,2016-06-20,0,3,9
510,def me(x),/ruslankl,expert,101,2017-12-26,1,7,5
511,Hanjoon Choe,/hanjoonchoe,expert,101,2019-02-07,0,3,9
512,Lokesh Rathi,/lokeshrth4617,expert,101,2019-10-12,0,0,10
513,Gireesh Sundaram,/gireeshs,expert,100,2017-08-25,0,0,8
514,Alex Lekov,/itslek,expert,100,2018-12-10,1,2,2
515,Divyansh Agrawal,/divyansh22,expert,100,2019-06-25,0,2,5
516,Virat Kothari,/viratkothari,expert,100,2020-03-08,0,0,11
517,Avnika_Shah,/avnika22,expert,100,2020-03-23,0,4,2
518,Gaurav Rajesh Sahani,/gauravsahani,expert,100,2020-04-02,0,0,15
519,Oscar Takeshita,/pliptor,expert,99,2017-04-13,2,0,7
520,Kun Hao Yeh,/khyeh0719,expert,99,2017-09-13,0,2,3
521,Sanchita Karmakar,/sanchitakarmakar,expert,99,2020-07-31,1,0,4
522,Juli√°n Peller (dataista),/julian3833,expert,98,2017-07-09,2,1,5
523,Grecnik,/nikitagrec,expert,98,2018-01-08,0,3,13
524,palak sood,/palaksood97,expert,98,2018-06-26,0,4,2
525,Ayushi Kaushik,/ayushikaushik,expert,98,2019-09-26,0,1,8
526,DoVan,/nhan1212,expert,98,2019-09-29,0,2,6
527,Raghawendra Singh,/raghaw,expert,97,2017-12-12,0,3,6
528,Edward Zhang,/sshikamaru,expert,97,2018-11-17,0,2,3
529,Xie29,/xiejialun,expert,97,2019-08-24,0,3,6
530,Abheeshth Mishra,/abheeshthmishra,expert,97,2020-01-29,0,1,7
531,Harun-Ur-Rashid,/harunshimanto,expert,96,2017-10-07,0,6,11
532,Mobasshir Bhuiyan,/mobasshir,expert,96,2017-10-08,0,0,7
533,blacksix,/blacksix,expert,96,2017-10-30,3,1,2
534,Valentine,/erelin6613,expert,96,2019-01-07,0,1,9
535,Chris Crawford,/crawford,expert,95,2015-12-09,0,8,13
536,nlgn,/kingychiu,expert,95,2016-08-19,1,5,1
537,bsivavenu,/bsivavenu,expert,95,2017-08-19,1,2,5
538,rohan,/rohandx1996,expert,95,2017-09-12,0,5,6
539,Nandhu Elango,/nandhuelan,expert,95,2018-03-19,0,1,10
540,Liao,/alexanderliao,expert,94,2017-10-12,2,1,8
541,Srivignesh Rajan,/srivignesh,expert,94,2018-03-06,0,0,10
542,RAHUL SINGH INDA,/rsinda,expert,94,2018-07-25,0,3,2
543,Kamal Das,/kmldas,expert,94,2019-02-05,0,0,8
544,Nishanth,/kdnishanth,expert,94,2019-03-05,0,2,6
545,lixiangyang,/anyexiezouqu,expert,94,2019-04-27,0,4,2
546,Udhhav Arora,/udhhav,expert,94,2019-06-25,0,1,10
547,Ananta Raj,/vortexkol,expert,94,2020-08-18,0,1,5
548,Ken Miller,/mlconsult,expert,93,2017-02-11,0,1,6
549,Duygu,/duygut,expert,93,2018-05-20,0,2,4
550,Matthew Masters,/matthewmasters,expert,92,2016-12-24,0,2,3
551,Eric Bouteillon,/ebouteillon,expert,92,2017-07-22,1,3,1
552,Rajesh Vikraman,/rajeshcv,expert,92,2017-07-27,1,3,4
553,Yakubenko Oleksii,/yakuben,expert,92,2018-03-05,1,1,4
554,Ant üêú,/superant,expert,91,2012-12-02,1,0,7
555,Manoj Prabhakar,/manojprabhaakr,expert,91,2015-09-05,1,2,5
556,OMAR ELGABRY,/omarelgabry,expert,91,2015-10-27,1,1,6
557,GarethJones,/garethjns,expert,91,2016-03-30,0,2,7
558, Akash Gupta,/akash14,expert,91,2017-03-05,0,1,6
559,Jonny Lee,/wuliaokaola,expert,91,2018-06-20,2,1,2
560,vignesh,/vicky1999,expert,91,2019-04-17,0,0,11
561,Vaibhav Tiwari,/bunnyyy,expert,91,2019-05-27,0,0,8
562,Berkan Acar,/berkanacar,expert,91,2020-02-25,0,3,4
563,Amrita Chatterjee,/amritachatterjee09,expert,91,2020-05-06,0,2,4
564,Danielle Boccelli,/db102291,expert,90,2015-07-01,0,1,7
565,DSangeetha,/devisangeetha,expert,90,2016-07-15,0,8,30
566,Habib G√ºltekin,/hgultekin,expert,90,2019-08-13,0,1,7
567,Michal Brezak,/michalbrezk,expert,90,2019-10-17,0,0,11
568,Queen Saikia,/queensaikia,expert,90,2019-12-21,0,2,3
569,Ayush Pandey,/ayushpandey1,expert,90,2020-04-09,0,0,9
570,Wesam Elshamy,/wesamelshamy,expert,89,2017-04-09,2,3,4
571,Prateek,/prateekagnihotri,expert,89,2019-01-16,0,2,5
572,vijay chauhan,/vchauhanusf,expert,89,2019-10-16,0,0,12
573,Daniel Dietzsch,/dietzschdaniel,expert,89,2020-09-12,0,3,3
574,Miha Skalic,/mihaskalic,expert,88,2014-07-05,1,6,2
575,Mayukh Bhattacharyya,/mayukh18,expert,88,2015-08-23,1,0,4
576,Amedeo Biolatti,/abiolatti,expert,88,2018-04-02,0,2,5
577,Jony Karki,/jonykarki,expert,88,2018-05-06,0,0,10
578,Karan Jakhar,/karanjakhar,expert,88,2018-05-21,1,2,6
579,Abhijith Chandra Das,/abhijithchandradas,expert,88,2018-10-30,0,1,7
580,Gulsah Demiryurek,/gulsahdemiryurek,expert,88,2018-11-28,0,2,10
581,Abd√ºl MERAL,/abdulmeral,expert,88,2019-08-19,0,0,11
582,Vinay shaw,/vinayshaw,expert,88,2020-03-14,0,0,8
583,kenmatsu4,/kenmatsu4,expert,87,2015-02-09,0,2,12
584,SK,/seshadrikolluri,expert,87,2017-05-07,2,0,6
585,Nicholas,/nicholasgah,expert,87,2017-09-10,0,5,1
586,Vishnu R,/vishnurapps,expert,87,2018-04-10,0,2,6
587,podsyp,/podsyp,expert,87,2018-11-01,0,1,8
588,Shay Guterman,/shaygu,expert,87,2019-01-24,1,1,6
589,GreatGameDota,/greatgamedota,expert,87,2019-08-04,1,1,3
590,Nahian Rifaat,/nahianrifaat,expert,87,2020-01-04,0,4,1
591,Dionisius Darryl Hermansyah,/dionisiusdh,expert,87,2020-03-14,0,1,10
592,Jiazhen Xi,/johnfarrell,expert,86,2015-10-05,2,2,10
593,ArjanGroen,/arjanso,expert,86,2016-07-18,1,2,3
594,Niyamat Ullah,/niyamatalmass,expert,86,2017-06-08,0,5,7
595,Mr.Shadow,/chekoduadarsh,expert,86,2018-01-14,0,1,9
596,Daner Ferhadi,/dferhadi,expert,86,2018-07-26,1,1,4
597,Shubham Singh,/shubhamksingh,expert,86,2019-03-28,0,0,8
598,satnam,/satnam007,expert,86,2019-10-08,0,0,8
599,Abdellatif Ouboussekssou,/abdilatifssou,expert,86,2020-04-21,0,3,2
600,Alankrita Mishra,/alankritamishra,expert,86,2020-04-30,0,3,2
601,TruongHoang,/truonghoang,expert,85,2016-12-06,0,1,4
602,GSD,/gsdeepakkumar,expert,85,2017-06-02,0,4,19
603,Bhavika,/bhavikapanara,expert,85,2017-08-31,1,1,6
604,Turhan Can Kargin,/turhancankargin,expert,85,2019-10-19,0,0,10
605,Renaud Gendron,/renaudgendron,expert,85,2020-06-08,0,1,7
606,Vaishnavi V,/vaishnavivenkatesan,expert,85,2020-08-08,0,0,8
607,Lex Toumbourou,/lextoumbourou,expert,84,2011-11-05,1,2,6
608,Mithrillion,/mithrillion,expert,84,2015-07-12,3,2,6
609,Seda Kayademir ,/kayademirs,expert,84,2017-06-29,0,1,6
610,Zach Mueller,/muellerzr,expert,84,2018-11-11,0,2,6
611,Aditya Baurai,/fireheart7,expert,84,2018-12-10,0,1,6
612,Ashwani Rathee,/ashkhagan,expert,84,2019-09-22,0,0,7
613,Bingi,/havinath,expert,84,2019-10-08,0,1,5
614,Massock Batalong Maurice Blaise,/lumierebatalong,expert,84,2019-11-15,0,2,7
615,Subhanjan Das,/subhanjandas,expert,84,2020-08-18,0,2,4
616,Ranjeet Jain,/ranjeetjain3,expert,83,2015-09-15,2,3,3
617,Billy Nguyen,/billynguyen,expert,83,2019-03-19,0,2,8
618,Shailaja Gupta,/shailaja4247,expert,83,2019-07-24,0,2,4
619,AKuni,/marutama,expert,83,2019-07-26,1,1,3
620,Paulo Breviglieri,/pcbreviglieri,expert,83,2020-03-27,0,2,3
621,Minnie Liang,/minnieliang,expert,83,2020-07-04,0,0,10
622,Luca Massaron,/lucamassaron,expert,82,2011-10-26,1,1,4
623,senkin13,/senkin13,expert,82,2016-09-14,0,3,2
624,Narendra,/narendrageek,expert,82,2018-04-13,0,2,4
625,Sachin Kumar,/sachinrajput17,expert,82,2018-05-17,0,0,9
626,Mohammad Reza Ghari,/rezaghari,expert,82,2019-10-05,0,2,4
627,landlord,/landlord,expert,82,2020-01-05,0,0,10
628,Akhilesh D. Kapse,/akhileshdkapse,expert,82,2020-03-17,0,1,7
629,Dhiya Ulhaq Rifqi,/dhiiyaur,expert,82,2020-03-28,0,2,4
630,Vagif Aliyev,/vagifa,expert,82,2020-04-10,0,0,10
631,AR,/akashram,expert,81,2015-04-01,0,1,9
632,30CrMnSiA,/h4211819,expert,81,2017-01-03,1,4,1
633,Xuan Cao,/naivelamb,expert,81,2017-03-31,0,2,6
634,Takamichi Toda,/takamichitoda,expert,81,2017-12-09,0,1,6
635,Pulkit Mehta,/pulkitmehtawork1985,expert,81,2019-03-23,0,4,2
636,Charles Samuel R,/charlessamuel,expert,81,2019-11-26,0,0,10
637,Souhardya Ganguly,/souhardyaganguly,expert,81,2020-05-22,0,2,6
638,qianqian,/qqgeogor,expert,80,2015-08-26,2,3,2
639,Hervind,/hervind,expert,80,2016-07-04,0,1,6
640,Dmitrij Kozachuk,/koza4ukdmitrij,expert,80,2018-02-22,0,1,5
641,DuttaSD28,/duttasd28,expert,80,2020-03-27,0,2,5
642,H√ºseyin √ñzdemir,/ozdemirh,expert,80,2020-07-25,0,0,8
643,Costas Voglis,/voglinio,expert,79,2015-01-14,2,2,7
644,ONODERA,/onodera,expert,79,2015-03-24,0,4,4
645,Jeff Hale,/discdiver,expert,79,2018-03-07,0,4,2
646,ankit maurya,/ajax0564,expert,79,2019-03-22,0,0,9
647,aman2000jaiswal,/aman2000jaiswal,expert,79,2019-12-12,0,1,4
648,Garima Sarangal,/garimasarangal,expert,79,2020-03-23,0,0,7
649,FC,/chen2222,expert,79,2020-03-25,0,2,4
650,Mohsin hasan,/tezdhar,expert,78,2014-11-19,2,1,5
651,Michal Haltuf,/rejpalcz,expert,78,2016-06-10,2,2,3
652,Vasiliy,/vgarshin,expert,78,2016-11-21,0,2,3
653,MichaelApers,/michaelapers,expert,78,2017-09-04,2,1,2
654,Siddharth Agarwal,/siddharth2000,expert,78,2018-05-31,0,0,7
655,PurpleCode_073,/shadey,expert,78,2018-12-14,0,1,10
656,Nakul Singh,/nakulsingh1289,expert,78,2019-01-05,0,2,3
657,Pranav Anand,/pranavanand24,expert,78,2019-03-31,0,1,5
658,Pradyut Lohani,/pradyut23,expert,78,2019-04-14,0,0,7
659,Nisa Soylu,/nisasoylu,expert,78,2019-07-04,0,1,7
660,Rupesh Deshmukh,/rude009,expert,78,2019-08-10,0,2,4
661,Georgii Vyshnia,/gvyshnya,expert,77,2016-05-23,0,0,14
662,Shams Sultan,/shams1,expert,77,2016-12-30,0,0,7
663,averagemn,/donkeys,expert,77,2017-07-28,0,1,8
664,wakame,/wakamezake,expert,77,2017-09-14,0,3,5
665,Abhinav Prakash ,/abhinavsp0730,expert,77,2019-05-15,0,1,7
666,Melih Kanbay,/melihkanbay,expert,77,2019-09-16,0,0,9
667,Elvin Aghammadzada,/elvinagammed,expert,77,2019-11-10,0,0,6
668,Furuhata Kazuki,/furuhatakazuki,expert,77,2020-04-17,0,2,3
669,Rahul Agarwal,/mlwhiz,expert,76,2013-06-12,1,0,12
670,NB(Nishant_Bhadauria),/nishantbhadauria,expert,76,2014-05-19,0,0,9
671,ahmettezcantekin,/ahmettezcantekin,expert,76,2018-01-06,0,0,8
672,Vladimir,/vladimirsydor,expert,76,2018-03-05,0,1,4
673,Dandelion,/hely333,expert,76,2018-03-23,1,2,2
674,oskird,/sz8416,expert,76,2018-03-30,2,2,1
675,ravi tanwar,/ravijoe,expert,76,2018-06-19,0,1,9
676,voru588,/alenavorushilova,expert,76,2019-01-23,0,3,6
677,iffy_,/irfanmansuri,expert,76,2019-11-21,0,0,12
678,CVxTz,/CVxTz,expert,75,2015-08-27,2,2,6
679,Moghazy,/moghazy,expert,75,2016-11-03,1,2,5
680,Shahebaz,/shaz13,expert,75,2017-07-08,2,2,8
681,Owen Ouyang,/couyang,expert,75,2017-08-08,1,8,4
682,Syam kakarla,/syamkakarla,expert,75,2018-02-07,0,0,9
683,zzy,/zzy990106,expert,75,2018-05-30,0,2,5
684,Mehmet Sungur,/medyasun,expert,75,2018-08-26,0,1,6
685,Kushal Bhavsar,/spidy20,expert,75,2018-11-05,0,2,13
686,Ben Roshan ,/benroshan,expert,75,2020-03-17,0,0,11
687,Artem Kostrikin,/artemkostrikin,expert,75,2020-04-20,0,0,9
688,Ilya Khristoforov,/darbin,expert,74,2012-08-14,1,4,1
689,KSV Muralidhar,/ksvmuralidhar,expert,74,2016-01-23,0,0,6
690,Brian,/ldm314,expert,74,2018-09-06,1,2,4
691,Muhammet CAKMAK,/muhammetcakmak,expert,74,2019-02-26,0,0,5
692,Gabriel Atkin,/gcdatkin,expert,74,2019-04-09,0,0,6
693,Jassican,/jassican,expert,74,2019-05-30,0,2,3
694,Monika Panfil,/mpanfil,expert,74,2019-10-01,0,2,6
695,Krishna Heroor,/krishnaheroor,expert,74,2019-10-10,0,0,10
696,Shivam Burnwal,/shivamburnwal,expert,74,2020-03-11,0,2,4
697,Thomas Konstantin,/thomaskonstantin,expert,74,2020-03-17,0,0,8
698,Patrycja Walicka,/patrycjawalicka,expert,74,2020-07-12,0,1,6
699,Lyalikov Artyom,/timon88,expert,73,2016-08-01,2,1,2
700,Kha Vo,/khahuras,expert,73,2018-04-17,0,7,0
701,AJ Pass,/ajpass,expert,73,2018-12-10,0,0,8
702,Convophile,/vineeth1999,expert,73,2019-05-08,0,0,9
703,Wellington Silva,/gatunnopvp,expert,73,2019-08-20,0,2,4
704,Tasnim Nishat Islam,/tasnimnishatislam,expert,73,2019-11-20,0,0,8
705,Shruti Dandagi,/shrutidandagi,expert,73,2020-03-22,0,1,6
706,Vicens Gaitan,/vicensgaitan,expert,72,2014-11-04,1,3,6
707,BuryBuryZymon,/maheshdadhich,expert,72,2014-12-11,3,0,7
708,RDizzl3,/rdizzl3,expert,72,2015-02-08,0,1,4
709,Georgios Sarantitis,/georsara1,expert,72,2016-02-26,0,4,7
710,Sudhir Kumar,/sudhirnl7,expert,72,2017-03-09,0,4,12
711,Wei Chun Chang,/justjun0321,expert,72,2017-05-03,1,2,9
712,nikhileshkoshti,/nikhileshkos,expert,72,2017-05-18,0,0,6
713,VinayVikram,/vin1234,expert,72,2017-09-20,0,1,6
714,marketneutral,/marketneutral,expert,72,2018-03-22,1,4,2
715,TANMAY DESHPANDE,/tanmay111999,expert,72,2019-01-11,0,1,4
716,Kush Bhatnagar,/kushbhatnagar,expert,72,2019-06-10,0,3,3
717,Taghred Salah,/taghredsalah199,expert,72,2019-06-17,0,0,9
718,Koro Sensie,/korosensie,expert,72,2020-06-23,0,0,8
719,Meesala sai dhanush,/meesalasaidhanush,expert,72,2020-06-23,0,0,9
720,Sadhaklal,/sambitmukherjee,expert,71,2017-07-29,0,1,7
721,Dromosys,/dromosys,expert,71,2017-08-04,1,1,11
722,Sani Kamal,/sanikamal,expert,71,2017-09-17,0,0,10
723,Holf Yuen,/holfyuen,expert,71,2017-11-08,1,0,5
724,Mohamed Essam,/mohammedessam97,expert,71,2018-03-04,0,1,5
725,Ann Antonova,/aantonova,expert,71,2018-04-25,1,4,7
726,Akash G,/akashsuper2000,expert,71,2018-06-23,0,0,5
727,Sarthak Vajpayee,/sarthakvajpayee,expert,71,2019-02-05,0,0,8
728,Mohammed Fahad VP,/vpfahad,expert,71,2019-04-29,0,1,6
729,Ravi Ranjan,/raviyadav2398,expert,71,2019-05-25,0,0,7
730,Salih Albayrak,/mrhippo,expert,71,2020-03-15,0,0,6
731,Harsh Agrawal,/harshsdw,expert,71,2020-04-19,0,1,7
732,Mohammed Murtuza Labib,/mohammedmurtuzalabib,expert,71,2020-04-30,0,2,3
733,Eng/Mohamed Nabil,/eng0mohamed0nabil,expert,71,2020-05-04,0,0,11
734,Daniel Dewey,/dan3dewey,expert,70,2017-12-14,0,1,4
735,Karolina Pacocha,/kpacocha,expert,70,2018-05-07,1,1,3
736,Bac Nguyen,/backaggle,expert,70,2018-05-24,0,3,2
737,Akash kumar,/singhakash,expert,70,2018-07-19,0,0,8
738,Liam Morgan,/lmorgan95,expert,70,2018-11-28,1,0,5
739,Melissa Rajaram,/melissarajaram,expert,70,2019-03-12,0,1,5
740,Sukanthen SS,/sukanthen,expert,70,2019-04-27,0,1,6
741,Abhishek Gupta,/agsam23,expert,70,2020-01-05,0,0,7
742,Ujjwal Sharma,/ujjwalsharma26,expert,70,2020-02-18,0,1,5
743,Trinadh Singaladevi,/trinadhsingaladevi,expert,70,2020-03-09,0,0,9
744,Heeral Dedhia,/heeraldedhia,expert,70,2020-06-19,0,1,4
745,SALMAN FAROZ,/salmanfaroz,expert,70,2020-07-19,0,0,7
746,Mathurin Ach√©,/mathurinache,expert,69,2011-10-11,0,1,4
747,Sylas,/jsylas,expert,69,2014-09-03,0,4,5
748,Fran√ßois,/francoisdubois,expert,69,2015-10-23,0,2,11
749,Ram Ramrakhya,/axel81,expert,69,2017-01-28,0,2,12
750,Pratik Asarkar,/pratikasarkar,expert,69,2017-04-11,0,0,9
751,Debadri Dutta,/duttadebadri,expert,69,2017-10-17,0,5,7
752,hirune924,/hirune924,expert,69,2018-02-10,0,3,3
753,Aditya Keshri,/adikeshri,expert,69,2019-02-24,0,0,11
754,Suneel Patel,/suneelpatel,expert,69,2019-07-15,0,2,8
755,Shubhankar Tiwari,/shubhankartiwari,expert,69,2020-02-07,0,0,8
756,Agustin Pugliese,/agustinpugliese,expert,69,2020-06-23,0,0,7
757,Raji Rai,/krrai77,expert,68,2017-04-03,0,0,6
758,Aicanghai_Smile,/xwxw2929,expert,68,2018-01-19,1,1,4
759,Alif Rahman,/alifrahman,expert,68,2020-01-07,0,1,5
760,Amandeep Singh,/amandeepsingh12,expert,68,2020-06-22,0,1,4
761,Madhu muppavarapu,/madhumuppavarapu,expert,68,2020-07-31,0,0,8
762,Ruslan  Talipov,/rooshroosh,expert,67,2014-06-02,0,6,4
763,Gordon Henderson,/gordotron85,expert,67,2019-03-12,0,1,5
764,Utkarsh Chandra Srivastava,/tkrsh09,expert,67,2019-03-20,0,0,6
765,Pooja Jain,/jainpooja,expert,67,2019-07-20,0,0,6
766,swansh mohidekar,/swanshmohidekar,expert,67,2019-12-22,0,0,8
767,Dark_Knight_98,/darkknight98,expert,67,2020-06-04,0,1,4
768,MD. Mehedi Hassan Galib,/galibce003,expert,67,2020-07-19,0,0,6
769,Praveen Kumar,/penchalaiah123,expert,67,2020-09-05,0,0,10
770,Manoj,/mks2192,expert,66,2016-11-22,0,1,7
771,authman,/authman,expert,66,2017-02-28,0,2,6
772,ferhatmetin34,/ferhatmetin34,expert,66,2017-10-17,0,0,9
773,Samruddhi Mhatre,/samruddhim,expert,66,2018-03-22,0,0,6
774,Aziz_Belaweid,/aziz69,expert,66,2018-07-04,0,2,3
775,Melih Akdag,/akdagmelih,expert,66,2018-09-15,0,0,8
776,Burak  Batƒ±bay,/batibayburak,expert,66,2019-01-14,0,0,11
777,Abu Noman Md. Sakib,/anmspro,expert,66,2019-04-12,0,0,6
778,Mathchi,/mathchi,expert,66,2019-09-01,0,0,6
779,PSVishnu,/psvishnu,expert,66,2019-09-20,0,3,3
780,Shishir Singh,/shishir349,expert,66,2020-04-04,0,1,7
781,Mohtashim Nawaz,/mohtashimnawaz,expert,66,2020-04-21,0,1,5
782,Rahul Raj Pandey,/rahulrajpandey31,expert,66,2020-06-23,0,0,7
783,Divyosmi Goswami,/divyosmi2009,expert,66,2020-07-05,0,0,7
784,Greg Hamel,/hamelg,expert,65,2014-04-08,0,0,9
785,Omri Goldstein,/drgilermo,expert,65,2015-06-22,1,1,29
786,Aman Kumar,/aman10kr,expert,65,2018-08-05,0,0,8
787,Manish Kumar,/hellbuoy,expert,65,2018-10-03,0,2,5
788,Ethan Schacht,/etsc9287,expert,65,2019-03-03,0,1,8
789,Erkan Hatipoƒülu,/erkanhatipoglu,expert,65,2019-12-05,0,1,5
790,CSD,/olavomendes,expert,65,2020-01-24,0,0,5
791,Dharini R,/dharinir242001,expert,65,2020-03-19,0,1,4
792,Archit9406,/archit9406,expert,65,2020-05-07,0,0,5
793,vyom bhatia,/vyombhatia,expert,65,2020-06-03,0,0,6
794,Ankan Sharma,/ankan1998,expert,65,2020-06-07,0,0,5
795,MuonNeutrino,/muonneutrino,expert,64,2017-03-07,2,1,3
796,Robert Kwiatkowski,/datark1,expert,64,2017-06-27,0,2,8
797,745H1N 4HW3D,/salazarslytherin,expert,64,2017-07-28,0,0,7
798,Rahul Singh Maures,/rahulsingh731,expert,64,2018-09-08,0,0,7
799,Liston Tellis,/listonlt,expert,64,2018-12-22,0,0,9
800,Viraj Bagal,/virajbagal,expert,64,2019-01-20,0,1,10
801,DtneSEffct,/binaicrai,expert,64,2019-02-25,0,1,7
802,Marco Carujo,/mcarujo,expert,64,2019-08-10,0,0,6
803,G_R_S,/danoozy44,expert,64,2019-12-02,0,0,7
804,Thaddeus Segura,/thaddeussegura,expert,64,2020-01-24,0,0,5
805,Bella Ciao,/chandanverma,expert,63,2014-03-25,0,2,4
806,Sherli,/sherli,expert,63,2016-06-05,0,1,4
807,manzoor mahmood,/manzoormahmood,expert,63,2017-12-07,0,0,8
808,Shubra jain,/shubrajain99,expert,63,2019-07-04,0,0,5
809,Salman,/micheomaano,expert,63,2019-07-28,0,2,3
810,Vinay Pratap Singh,/vinaypratap,expert,63,2019-09-09,0,0,6
811,JIL KOTHARI,/jilkothari,expert,63,2019-10-20,0,1,4
812,arunmohan_003,/arunmohan003,expert,63,2019-11-12,0,1,6
813,Cemhan ≈ûenol,/cemhansenol98,expert,63,2019-11-19,0,0,5
814,Jakub Jaszczyk,/jjmewtw,expert,63,2019-12-18,0,0,7
815,Utshab Kumar Ghosh,/utshabkumarghosh,expert,63,2019-12-23,0,0,6
816,JeruLuke,/jeru666,expert,62,2016-09-16,1,2,10
817,Data Liftoff,/morrisb,expert,62,2016-11-18,1,1,5
818,CoreyLevinson,/returnofsputnik,expert,62,2017-08-29,0,2,7
819,Shashwat Tiwari,/shashwatwork,expert,62,2017-11-24,0,0,6
820,Tong Hui Kang,/huikang,expert,62,2018-03-01,0,0,8
821,Niwanshu Maheshwari,/niwanshu29,expert,62,2018-03-30,0,0,7
822,KS,/ks2019,expert,62,2018-06-29,0,2,3
823,hongy,/hooong,expert,62,2019-03-27,0,2,3
824,xXShreyXx,/shrey821,expert,62,2019-05-09,0,0,5
825,Samarth,/snide713,expert,62,2019-07-09,0,1,5
826,manavspg2,/manavtrivedi,expert,62,2020-01-25,0,0,6
827,Vikas Bhadoria,/vikasbhadoria,expert,62,2020-03-30,0,0,6
828,Mohsin Raza,/razamh,expert,62,2020-04-25,0,0,8
829,Ujwal Kandi,/ujwalkandi,expert,62,2020-05-02,0,0,7
830,Shravan Kumar Koninti,/shravankoninti,expert,61,2012-06-17,0,2,4
831,Faron,/mmueller,expert,61,2014-06-23,3,4,2
832,Pritesh Shrivastava,/priteshshrivastava,expert,61,2014-08-28,0,0,13
833,Umesh,/umeshnarayanappa,expert,61,2014-11-11,0,6,25
834,Yann Claudel,/yclaudel,expert,61,2016-11-28,0,2,5
835,Kash,/kaushiksuresh147,expert,61,2017-11-19,0,0,7
836,Bhushan Kapkar,/bpkapkar,expert,61,2018-08-23,0,0,7
837,Sasha,/sasha18,expert,61,2019-04-26,0,1,4
838,Santosh Kumar,/dssant85,expert,61,2019-08-16,0,1,5
839,Abhishek Shrivastava,/abhi8923shriv,expert,61,2020-02-21,0,0,10
840,Ashwin V ,/datadecipherer,expert,61,2020-03-18,0,0,5
841,Dhruv Kalia,/dhruvkalia,expert,61,2020-04-24,0,0,7
842,Aakrit Singhal,/aakritsinghal,expert,61,2020-05-25,0,1,4
843,J.Jones,/johnoliverjones,expert,60,2017-02-01,0,1,5
844,K.Amano,/amanooo,expert,60,2019-03-17,0,1,5
845,yasagure,/yasagure,expert,60,2019-08-02,0,2,5
846,Matheus de Albuquerque,/matheusdalbuquerque,expert,60,2019-09-01,0,0,6
847,Akshit Rai,/akshit293,expert,60,2019-10-12,0,0,6
848,Paramartha Sengupta,/paramarthasengupta,expert,60,2020-03-05,0,1,5
849,P Vijay Simha Reddy,/vijaysimhareddyp,expert,60,2020-07-28,0,1,4
850,Rifky Ahmad Saputra,/rifkyahmadsaputra,expert,60,2020-08-21,0,1,4
851,Eu Jin Lok,/ejlok1,expert,59,2010-10-21,0,1,7
852,Kerem Turgutlu,/keremt,expert,59,2016-03-15,0,1,8
853,Dorukhan Afacan,/afajohn,expert,59,2017-02-20,1,0,5
854,Mhamed Jabri,/mhajabri,expert,59,2017-06-01,2,3,0
855,Naruhiko Nakanishi,/grapestone5321,expert,59,2017-06-03,0,1,6
856,M.Zunair,/zunair101,expert,59,2017-09-17,0,0,8
857,mdabbert,/mdabbert,expert,59,2018-01-23,0,0,5
858,Rishabh,/rishabhdhiman,expert,59,2018-06-17,0,0,6
859,vishakha,/vishakha10,expert,59,2018-10-19,0,0,7
860,PandaBrenda,/brendan45774,expert,59,2019-01-07,0,0,7
861,john willson,/johnwill225,expert,59,2019-02-17,0,0,6
862,V√≠tor Gama Lemos,/vitorgamalemos,expert,59,2019-07-13,0,1,7
863,Andriy Samoshyn,/mrmorj,expert,59,2019-07-26,0,0,11
864,John Wendell Balagot,/delllectron,expert,59,2019-10-25,0,0,8
865,Prateek Maheshwari,/friskycodeur,expert,59,2020-05-05,0,0,5
866,Kuber@IITB,/kuberiitb,expert,58,2012-12-27,0,0,6
867,nagadomi,/nagadomi,expert,58,2014-01-27,1,2,3
868,Paul Larmuseau,/plarmuseau,expert,58,2017-02-25,0,0,8
869,Abu Zahid Bin Aziz,/azaemon,expert,58,2019-01-24,0,1,6
870,naks,/universalastro,expert,58,2019-03-10,0,0,7
871,Mukesh Choudhary,/mukeshchoudhary,expert,58,2019-04-21,0,0,5
872,Aristarh,/arnimen5,expert,58,2019-06-23,0,1,4
873,Sagnik,/sagnikpatra,expert,58,2019-10-19,0,0,5
874,Marco B,/mclikmb4,expert,58,2019-11-28,0,1,4
875,S√ºfyan Ta≈ükƒ±n,/sufyant,expert,58,2020-01-18,0,0,5
876,Zachary Wyman,/zacharywyman,expert,58,2020-04-21,0,0,5
877,Robert Burbidge,/robertburbidge,expert,57,2013-05-19,0,1,7
878,Matt Motoki,/mmotoki,expert,57,2015-04-11,0,4,5
879,Barun Kumar,/barun2104,expert,57,2016-08-11,0,0,8
880,James Shepherd,/shep312,expert,57,2017-05-07,2,2,5
881,Ilham Firdausi Putra,/ilhamfp31,expert,57,2017-11-06,0,1,6
882,kaerururu,/kaerunantoka,expert,57,2018-08-07,0,1,5
883,timetraveller,/timetraveller98,expert,57,2018-09-11,0,1,4
884,BENUVARGHESEBENJAMIN,/benuvarghesebenjamin,expert,57,2019-08-27,0,1,6
885,Tamil Selvan,/tamilsel,expert,57,2019-12-19,0,1,4
886,Muhammed Dalkƒ±ran,/muhammeddalkran,expert,57,2020-05-14,0,0,6
887,CHANDAN,/chandansinghnegi,expert,57,2020-05-20,0,1,4
888,Saurabh Prakash Giri,/saurabhprakashgiri,expert,57,2020-09-08,0,0,7
889,Brian Roach,/broach,expert,56,2013-02-09,0,1,10
890,Jack (Japan),/rsakata,expert,56,2014-02-26,1,4,1
891,Kevin Arvai,/kevinarvai,expert,56,2015-12-13,1,2,2
892,Manu Siddhartha,/sid321axn,expert,56,2018-07-06,0,1,8
893,Maxime Lenormand,/maxlenormand,expert,56,2018-12-12,0,2,3
894,Meet Ranoliya,/meemr5,expert,56,2018-12-29,0,0,7
895,PyKeyo,/yehyachali,expert,56,2019-02-01,0,0,6
896,Anirban Sen,/anirbansen3027,expert,56,2019-02-03,0,1,4
897,smerllo,/smerllo,expert,56,2019-06-24,1,0,4
898,dasmehdixtr,/dasmehdixtr,expert,56,2019-07-20,0,0,6
899,Rishav Sharma,/rsrishav,expert,56,2020-08-01,0,0,6
900,Minesh A. Jethva,/mineshjethva,expert,55,2015-06-16,0,0,5
901,qiubit,/qiubit,expert,55,2015-07-03,0,1,4
902,Henrique Mello,/hrmello,expert,55,2016-11-01,0,2,11
903,Nafisur Rahman,/nafisur,expert,55,2017-05-05,0,2,12
904,Shashi Prakash Tripathi,/shishu1421,expert,55,2017-11-12,0,0,6
905,Andr√© Neves,/amneves,expert,55,2018-04-14,0,1,8
906,Ahmad Javed,/ahmadjaved097,expert,55,2018-07-19,0,1,5
907,Aditya Oke,/okeaditya,expert,55,2019-01-21,0,1,5
908,Asim Islam,/asimislam,expert,55,2019-02-17,0,0,5
909,roblex nana,/roblexnana,expert,55,2019-12-13,0,1,4
910,Ada Kibet,/adakibet,expert,55,2020-02-19,0,0,6
911,Nishkarsh Tripathi,/nishkarshtripathi,expert,55,2020-04-11,0,0,5
912,Sandy Khosasi,/ilosvigil,expert,55,2020-04-21,0,0,5
913,Deep Patel ,/pateldeep7799,expert,55,2020-04-22,0,0,6
914,Utcarsh Agrawal,/utcarshagrawal,expert,55,2020-05-25,0,1,4
915,Anton Loss,/avloss,expert,54,2014-12-19,1,0,4
916,nachiket273,/nachiket273,expert,54,2016-11-21,0,0,6
917,jionie,/jionie,expert,54,2017-07-19,0,2,6
918,Javed Ahemad,/jvdahemad,expert,54,2018-08-09,0,0,6
919,Tarek Sherif,/tareksherif,expert,54,2018-12-01,0,0,6
920,Aishwarya,/aishu200023,expert,54,2019-03-02,0,0,7
921,Salman Chen,/salmanhiro,expert,54,2019-03-14,0,0,7
922,Soumyadip Sarkar,/soumya9977,expert,54,2019-09-13,0,0,5
923,Fƒ±rat Polat,/fehmifratpolat,expert,54,2020-02-07,0,0,5
924,Ravi Sane,/ravisane1,expert,54,2020-02-23,0,0,6
925,SubhamNagar,/subham07,expert,53,2016-05-17,0,0,6
926,shishirranjan,/ranjoranjan,expert,53,2016-08-23,1,1,4
927,rejasupotaro,/rejasupotaro,expert,53,2017-03-16,2,0,3
928,Hoang Nguyen,/hoangnguyen719,expert,53,2017-03-22,0,1,5
929,Raoul,/raoulma,expert,53,2017-09-04,1,3,2
930,Suraj Parmar,/parmarsuraj99,expert,53,2018-01-09,0,0,5
931,"R. Joseph Manoj, PhD",/rjmanoj,expert,53,2019-01-09,0,0,6
932,Cihan Senol,/cihan063,expert,53,2019-03-24,0,0,6
933,Abhishek Singh,/ganu1899,expert,53,2019-06-16,0,0,5
934,Abdelwahed Ashraf,/abdelwahed43,expert,53,2019-06-17,0,0,5
935,Xiao Song,/rikdifos,expert,53,2019-06-26,0,0,6
936,Sagar Jha,/sagar7390,expert,53,2019-08-18,0,0,5
937,Sidhant Agarwal,/sidagar,expert,53,2019-08-30,0,1,5
938,TheBigTicket,/alexalex02,expert,53,2019-09-07,0,0,6
939,DimaKyn,/dimakyn,expert,53,2019-10-26,0,0,5
940,deeplearner,/adarshpathak,expert,53,2019-11-07,0,0,7
941,Simran_k,/himsim2726,expert,53,2020-01-01,0,0,6
942,Karim Negm,/kareem3egm,expert,53,2020-02-06,0,1,5
943,Mike Pearmain,/mpearmain,expert,52,2013-01-11,1,3,2
944,Kathakali Seth,/kathakaliseth,expert,52,2014-01-29,0,4,1
945,SM,/sermakarevich,expert,52,2014-12-02,0,3,5
946,Mohit,/mohitsital,expert,52,2016-03-25,0,0,6
947,Qing Liu,/sunnymarkliu,expert,52,2016-05-19,1,1,3
948,Arindam,/arindamgot,expert,52,2016-06-08,1,0,5
949,Currie32,/currie32,expert,52,2016-08-23,2,0,5
950,Ivan,/demesgal,expert,52,2016-10-27,0,3,2
951,Peter Grenholm,/toregil,expert,52,2017-02-18,1,0,5
952,chmaxx,/chmaxx,expert,52,2017-03-04,0,2,5
953,Nitesh Halai,/niteshhalai,expert,52,2017-07-10,0,0,5
954,Hassan Amin,/hassanamin,expert,52,2018-06-03,0,0,8
955,Alper Temel,/alpertemel,expert,52,2018-07-23,0,0,5
956,Venkat Murali,/venky12347,expert,52,2018-09-29,0,0,8
957,Pravin,/pravinborate,expert,52,2018-10-15,0,1,4
958,MOHAMMED RUSHAN,/mrushan3,expert,52,2019-06-13,0,0,5
959,Rishabh Sethia,/rishabh6377,expert,52,2019-07-16,0,0,5
960,Ashish Shaji,/ashishshaji,expert,52,2019-10-05,0,0,6
961,Andr√©s Del √Ålamo,/andrsdellamo,expert,52,2020-05-07,0,0,6
962,Akhil Ram,/akhilram7,expert,52,2020-08-05,0,0,6
963,Tony Y.,/tonyyy,expert,51,2014-08-11,1,2,4
964,Eliot Barril,/eliotbarr,expert,51,2016-03-02,1,3,9
965,Anubhav Dhiman,/dhimananubhav,expert,51,2016-08-12,0,1,9
966,Rohk,/therohk,expert,51,2017-07-02,0,0,6
967,AkshatGupta,/akshat4112,expert,51,2017-08-15,0,0,8
968,DLao,/laowingkin,expert,51,2017-09-26,1,1,5
969,Lastnight,/tanetboss,expert,51,2017-10-17,0,2,4
970,Shanth,/shanth84,expert,51,2017-12-12,2,2,2
971,Rohit Verma,/deadskull7,expert,51,2018-02-04,0,1,11
972,Rishi,/littleraj30,expert,51,2018-08-20,0,2,3
973,Federico Raimondi,/raimonds1993,expert,51,2018-11-20,0,1,6
974,Aakash V,/aakashveera,expert,51,2019-08-19,0,0,7
975,Rohit Sahoo,/rohitsahoo,expert,51,2020-01-02,0,0,6
976,Amshra267,/amanmishra4yearbtech,expert,51,2020-03-25,0,0,6
977,Shahraiz,/shahraizanwar,expert,51,2020-03-29,0,0,5
978,Rahul Makwana,/rahulmakwana,expert,51,2020-04-25,0,1,4
979,Hammad Ali,/hammaadali,expert,51,2020-07-12,0,0,6
980,Rasel Ahmed,/data855,expert,51,2020-08-21,0,0,6
981,Arpit Somani,/arpitsomani,expert,51,2020-09-10,0,0,5
982,Jose Berengueres,/harriken,expert,50,2012-01-14,1,1,3
983,Abishek Sudarshan,/abisheksudarshan,expert,50,2014-11-04,0,1,4
984,Sergi Lehkyi,/slehkyi,expert,50,2018-03-05,0,0,9
985,"Paul Nussbaum, PhD",/pnussbaum,expert,50,2018-06-13,0,1,8
986,Ayush Goel,/yushg123,expert,50,2019-02-21,0,0,5
987,yash chaudhary,/yash612,expert,50,2019-03-21,0,0,5
988,SAURABH THAKUR,/saurah403,expert,50,2019-06-19,0,0,5
989,vipul,/vipulgote4,expert,50,2019-09-01,0,0,6
990,KD007,/krishcross,expert,50,2019-09-18,0,0,5
991,NotoriousM.O.Y,/iammoy23,expert,50,2020-01-22,0,0,6
992,Pratham Tripathi,/prathamtripathi,expert,50,2020-03-25,0,0,5
993,Avi Mehta,/avimehta14,expert,50,2020-05-19,0,0,5
994,Astha Jha,/asthajha,expert,50,2020-06-23,0,0,5
995,VSangarya,/vsangarya,expert,50,2020-08-07,0,0,6
996,Vivek Srinivasan,/viveksrinivasan,expert,49,2013-09-22,3,1,4
997,Julien Heiduk,/zoupet,expert,49,2015-08-26,2,1,4
998,Andy White,/ajrwhite,expert,49,2015-09-16,0,1,4
999,Andrea Sindico,/asindico,expert,49,2017-01-02,2,2,12
1000,Kevin,/kevinbonnes,expert,49,2017-03-13,1,3,2
1001,spongebob,/baomengjiao,expert,49,2017-03-23,0,2,9
1002,Thomas Nelson,/thomasnelson,expert,49,2017-05-08,0,2,5
1003,Firas Baba,/rinnqd,expert,49,2018-04-04,0,1,4
1004,saewonYang,/yangsaewon,expert,49,2018-07-01,0,1,5
1005,Emirhan Ergin,/darkcore,expert,49,2018-07-18,0,0,7
1006,Nitish Kumar Thakur,/nitishkthakur1,expert,49,2018-09-23,0,0,5
1007,ashok,/ashoksrinivas,expert,49,2018-12-17,0,0,7
1008,Mert Altunay,/nihalbey,expert,49,2019-02-19,0,2,4
1009,Akash Sahoo,/akashdotcom,expert,49,2019-03-19,0,0,7
1010,Prasad Patil,/prasadpatil99,expert,49,2019-04-20,0,0,8
1011,Yogesh Singla,/yogeshkumarsingla,expert,49,2019-06-25,0,1,4
1012,Bruno Archetti,/brunoarchetti,expert,49,2019-08-13,0,0,7
1013,Somesh Sharma,/somesh24,expert,49,2019-09-19,0,0,8
1014,Ashraf Khan,/ashrafkhan94,expert,49,2020-01-14,0,0,5
1015,farsana s,/farsanas,expert,49,2020-02-23,0,0,6
1016,Furkan Karakuz,/furkankarakuz,expert,49,2020-03-25,0,0,5
1017,Denchai Worasawate,/denchai,expert,49,2020-06-03,0,0,5
1018,Arushi Khokhar,/arushikhokharr,expert,49,2020-08-02,0,0,5
1019,Mike Chirico,/mchirico,expert,48,2014-12-30,0,1,20
1020,SrikanthPotukuchi,/srikanthpotukuchi,expert,48,2015-05-08,0,0,6
1021,Panchajanya Banerjee (Pancham),/delayedkarma,expert,48,2015-09-08,0,2,8
1022,Taemyung Heo,/tmheo74,expert,48,2017-03-03,0,2,3
1023,kuldeep dhadhwal,/kuldeepdhadhwal,expert,48,2018-03-03,0,0,5
1024,kageyama,/kageyama,expert,48,2018-06-01,0,1,8
1025,Svetlana Ulianova,/sulianova,expert,48,2018-10-21,0,0,7
1026,Dr.FraNKeNSTeiN,/drfrank,expert,48,2019-02-09,0,0,5
1027,Prateek Sharma,/prateekarma,expert,48,2019-02-14,0,0,7
1028,Rico Hoffmann,/drcapa,expert,48,2019-05-24,0,1,6
1029,Sourav Kumar Goyal,/souravkgoyal,expert,48,2019-06-04,0,0,5
1030,shubhamshukla,/shubham9455999082,expert,48,2019-07-04,0,0,7
1031,Nipun Arora,/nipunarora8,expert,48,2019-07-12,0,0,5
1032,Tanishq Gautam,/ligtfeather,expert,48,2019-08-04,0,0,7
1033,Rishabh Dhyani,/rishabhdhyani4,expert,48,2019-09-17,0,0,5
1034,Zain Ahmad,/zainahmad,expert,48,2020-02-19,0,0,5
1035,Sauman Das,/saumandas,expert,48,2020-03-14,0,0,5
1036,Manish KC,/manishkc06,expert,48,2020-04-01,0,0,6
1037,Indranil Bhattacharya,/indranilbhattacharya,expert,47,2015-08-28,1,2,6
1038,thatdataanalyst,/koki25ando,expert,47,2017-02-07,0,3,8
1039,gulbulut,/gulyvz,expert,47,2017-02-09,0,0,6
1040,Pizzaboi,/asimandia,expert,47,2017-04-27,0,1,5
1041,huiqin,/qinhui1999,expert,47,2017-05-23,0,1,6
1042,Merve Bayram Durna,/mervebdurna,expert,47,2018-05-18,0,1,4
1043,Ajay Chaudhary,/ajay19,expert,47,2018-08-09,0,0,7
1044,Winter Soldier,/gauravsharma99,expert,47,2018-09-30,0,0,5
1045,Loai abdalslam,/loaiabdalslam,expert,47,2018-10-07,0,1,7
1046,Vinay Singh ,/an0utlier,expert,47,2019-06-04,0,0,5
1047,Vishak Nair,/vishynair,expert,47,2019-06-27,0,0,6
1048,Balaka Biswas ,/balaka18,expert,47,2019-08-17,0,0,5
1049,Ravirajsinh Dabhi,/ravirajsinh45,expert,47,2019-09-22,0,0,5
1050,Aayush Kandpal,/aayushkandpal,expert,47,2020-05-07,0,0,6
1051,Felipe Oliveira ,/felipeoliveiraml,expert,47,2020-06-12,0,0,6
1052,Aditya Kaushik,/adityakaushik01,expert,47,2020-07-05,0,0,5
1053,SkyLord,/skylord,expert,46,2014-10-30,0,1,5
1054,YaGana Sheriff-Hussaini,/sheriytm,expert,46,2017-02-05,0,3,3
1055,Eike Dehling,/eikedehling,expert,46,2017-03-10,2,1,3
1056,MengYe,/konohayui,expert,46,2017-06-07,2,1,4
1057,Sayar Banerjee,/sayar1106,expert,46,2017-08-06,0,0,5
1058,Sarthak Rana,/sarthak97,expert,46,2017-08-16,0,0,5
1059,Efe Ergun,/efeergun96,expert,46,2018-03-21,0,2,4
1060,Mayank Gupta,/mayankgupta96,expert,46,2018-07-05,0,0,6
1061,Manas Acharya,/hod101s,expert,46,2019-06-18,0,0,6
1062,MOHIT KUMAR,/mohitkr05,expert,46,2019-12-21,0,0,5
1063,kshivi99,/kshivi99,expert,46,2020-03-01,0,0,6
1064,Aditya Aggarwal,/adityaaggarwal09,expert,46,2020-05-24,0,0,7
1065,Umerkk12,/umerkk12,expert,46,2020-07-18,0,0,6
1066,Akshit Rai,/akshitrai,expert,46,2020-08-01,0,0,5
1067,vfdev,/vfdev5,expert,45,2015-09-23,1,5,3
1068,Giulia Savorgnan,/giuliasavorgnan,expert,45,2015-10-30,0,3,2
1069,kishorkumarJha,/kishor1210,expert,45,2016-12-16,0,1,5
1070,Mateus Garcia,/xwalker,expert,45,2017-03-10,0,0,7
1071,Marlesson,/marlesson,expert,45,2017-05-10,0,0,7
1072,Hoon Beng,/rhodiumbeng,expert,45,2017-07-19,1,0,8
1073,Tayyab Ali,/tayyabali55,expert,45,2017-11-20,0,0,10
1074,Aswath Rao V S ,/aswathrao,expert,45,2017-11-28,0,0,5
1075,MaksimKalutsky,/sergeykalutsky,expert,45,2017-12-11,1,1,3
1076,Shifa Sanadi,/flygirl,expert,45,2018-03-19,0,0,7
1077,Ankur,/ankur123xyz,expert,45,2018-03-30,0,0,5
1078,Shweta Goyal,/shwetagoyal4,expert,45,2018-04-24,0,1,6
1079,Gajendra Saraswat,/sarques,expert,45,2018-07-15,0,0,6
1080,Hamza Tan√ß,/hamzatanc,expert,45,2018-10-30,0,0,7
1081,Purva Singh,/purvasingh,expert,45,2018-11-16,0,1,4
1082,Vignesh Prakash,/vigneshprakash,expert,45,2018-12-27,0,0,5
1083,shivam,/shivam2811,expert,45,2019-03-08,0,0,5
1084,Rodrigo Lima,/rodrigolima82,expert,45,2019-03-23,0,1,6
1085,Rodolfo Luna,/rodolfoluna,expert,45,2019-04-11,0,0,5
1086,Sarthak khandelwal,/forwet,expert,45,2019-07-11,0,0,6
1087,Mohammad Imran Shaikh,/shikhnu,expert,45,2019-10-22,0,0,6
1088,ibrahimyildiz,/ibrahimyildiz,expert,45,2019-12-06,0,0,5
1089,Ankur Singh,/lazycoder00,expert,45,2020-01-23,0,0,5
1090,Kirill Klyukvin,/kirillklyukvin,expert,45,2020-03-07,0,0,6
1091,Anurag Bantu,/anuragbantu,expert,45,2020-04-20,0,1,5
1092,Yama√ß Eren Ay,/yamaerenay,expert,45,2020-04-27,0,0,7
1093,Mahnoor Shahid,/mahnoorshahidshakir,expert,45,2020-05-13,0,0,5
1094,cast42,/cast42,expert,44,2013-01-24,1,3,10
1095,Oleksandr (Alex) Akulov,/ogakulov,expert,44,2014-07-15,1,0,5
1096,Rafael Crescenzi,/nickel,expert,44,2014-11-29,0,1,6
1097,Grzegorz Sionkowski,/sionek,expert,44,2015-05-29,2,0,8
1098,Niraj Verma,/nirajvermafcb,expert,44,2016-09-29,1,2,3
1099,Jaime Valero,/jaimevalero,expert,44,2017-07-15,0,0,5
1100,abdul,/abdulwaheedsoudagar,expert,44,2017-12-05,0,0,5
1101,hiromu,/hiromoon166,expert,44,2017-12-15,0,1,4
1102, Burak Kahveci,/burakkahveci,expert,44,2018-12-30,0,0,7
1103,Ecem B√∂l√ºk,/ecemboluk,expert,44,2019-01-14,0,0,6
1104,Bonhart,/bonhart,expert,44,2019-02-07,0,0,6
1105,Vineeth,/vvineeth,expert,44,2019-04-06,0,0,6
1106,YASH GOYAL,/yashgoyal401,expert,44,2019-07-18,0,0,5
1107,Anshul Jain,/ansh8755,expert,44,2019-11-24,0,0,5
1108,Abhishek Dhule,/abhishekdhule,expert,44,2020-02-10,0,0,6
1109,Rashidul Hasan Hridoy,/rashidulhasanhridoy,expert,44,2020-04-13,0,0,6
1110,Vishnu Varthan Rao,/vishnuvarthanrao,expert,44,2020-04-24,0,0,5
1111,Matias Thayer,/chechir,expert,43,2015-04-09,1,1,8
1112,Kiran Kunapuli,/kirankunapuli,expert,43,2015-06-13,1,1,3
1113,Abir Pattnaik,/abirpattnaik,expert,43,2016-07-08,0,0,7
1114,Mohit Makhija,/m2skills,expert,43,2017-03-31,1,0,4
1115,Vitali Burachonok,/byrachonok,expert,43,2017-04-02,1,1,4
1116,Piyush,/piyush1912,expert,43,2018-06-04,0,1,8
1117,vithal,/vithal2311,expert,43,2018-07-11,0,0,7
1118,Harsh,/harsh368,expert,43,2019-03-06,0,0,5
1119,Victor Zaguskin,/vzaguskin,expert,43,2019-04-04,0,1,4
1120,Nandan Pandey,/awadhi123,expert,43,2019-06-01,0,0,5
1121,Vinod R,/vinodsunny1,expert,43,2019-07-30,0,0,5
1122,Mohamed Abdullah,/mohamedabdullah,expert,43,2019-08-14,0,1,4
1123,Deep Contractor,/deepcontractor,expert,43,2019-09-09,0,0,5
1124,John Tharian,/johntharian,expert,43,2019-11-03,0,0,5
1125,Sumit.Singh_20,/sumitsingh20,expert,43,2020-05-26,0,0,6
1126,Chippy,/nigelcarpenter,master,42,2011-08-17,3,8,7
1127,Amandeep Rathee,/arathee2,expert,42,2016-07-21,2,1,7
1128,Akash Kumar,/akashkr,expert,42,2017-12-08,0,0,6
1129,Chinmay Rane,/fuzzywizard,expert,42,2018-06-24,0,2,4
1130,Parth Sharma,/parthsharma5795,expert,42,2018-10-05,0,1,4
1131,Yuanrong (Raymond) Wang,/yw6916,expert,42,2018-10-16,0,1,5
1132,Raj Shinde,/rajwardhanshinde,expert,42,2018-12-01,0,2,7
1133,reda abdou,/redaabdou,expert,42,2018-12-20,0,1,4
1134,Nathan Zhong,/nzhongahtan,expert,42,2019-01-03,0,0,5
1135,Indronil Bhattacharjee,/indronil2489,expert,42,2019-02-19,0,0,5
1136,Selim SAVA≈û,/selimsavas16,expert,42,2019-03-12,0,0,5
1137,raj naruka,/rajnaruka0698,expert,42,2019-03-17,0,0,6
1138,Kishan Kumar,/kishan305,expert,42,2019-03-26,0,0,6
1139,Sanskruti Panda,/sanskrutipanda,expert,42,2019-10-30,0,0,5
1140,Himanshu Madan,/tug004,expert,42,2020-01-29,0,0,5
1141,Arslan Ali,/arslanali4343,expert,42,2020-04-02,0,0,5
1142,kambarakun,/kambarakun,expert,41,2014-12-22,0,2,4
1143,Jie Hu,/kalashnimov,expert,41,2015-05-12,0,0,6
1144,NikitPatel,/nikitpatel,expert,41,2016-07-19,0,0,16
1145,Prince Grover,/grroverpr,expert,41,2017-06-21,1,0,4
1146,luffy,/shebinscaria,expert,41,2017-08-27,0,0,7
1147,Eric A. Scuccimarra,/skooch,expert,41,2017-10-30,1,2,2
1148,Joshua Reed,/josh24990,expert,41,2018-04-03,0,3,3
1149,Mighty Rains,/mightyrains,expert,41,2018-06-14,0,0,5
1150,IRONSIGHT,/ravi02516,expert,41,2018-07-25,0,0,5
1151,Somang (So) Han,/somang1418,expert,41,2018-08-27,0,2,4
1152,Vaibhav Birla,/immvab,expert,41,2020-02-02,0,0,6
1153,Gaurav Singh,/gauravdahiya,expert,41,2020-02-24,0,0,5
1154,Grishma Modi,/grishmamodi,expert,41,2020-03-25,0,0,6
1155,Harsh Sinha,/harshsinha1234,expert,41,2020-05-23,0,0,5
1156,Diksha Aggarwal,/diksha659,expert,41,2020-06-27,0,0,5
1157,iamSam5,/iamsam5,expert,41,2020-07-03,0,0,5
1158,Data Warrior,/datawarriors,expert,41,2020-07-16,0,0,6
1159,Dmitry Dryomov,/dremovd,expert,40,2010-02-28,0,2,5
1160,Kaustuv,/kksienc,expert,40,2015-02-14,0,0,5
1161,Kheirallah Samaha,/khsamaha,expert,40,2016-11-18,0,4,14
1162,Alan Choon,/alanchn31,expert,40,2017-08-20,0,0,5
1163,Joydeb Mondal,/joydeb28,expert,40,2017-09-13,0,0,6
1164,Barely Passing,/amoghjrules,expert,40,2017-09-18,0,0,6
1165,Abhishekmamidi,/abhishekmamidi,expert,40,2017-10-13,0,1,7
1166,Shubham singh Gharsele,/shubhamsinghgharsele,expert,40,2018-03-04,0,1,5
1167,Ankit Sati,/satian,expert,40,2018-06-18,0,3,2
1168,Samson Qian,/samsonqian,expert,40,2018-07-14,1,1,3
1169,Regaip Kurt,/regaipkurt,expert,40,2018-09-16,0,0,5
1170,vishu mudgal,/vishumudgal,expert,40,2019-07-08,0,0,5
1171,zefirchik,/zefirchik,expert,40,2019-09-15,0,0,5
1172,Icaro Freire,/icarofreire,expert,40,2019-12-19,0,0,5
1173,Bivek Subedi,/bibeksubedi11,expert,40,2020-03-06,0,0,6
1174,Basar Kaya (Student),/basarkayastudent,expert,40,2020-05-02,0,0,5
1175,Krishna,/krishnakalyan3,expert,39,2012-06-30,0,0,5
1176,Anika,/sinaasappel,expert,39,2013-09-14,0,1,4
1177,Ilya Ezepov,/iezepov,expert,39,2014-12-27,0,3,4
1178,somnambWl,/somnambwl,expert,39,2016-08-20,0,2,3
1179,GaneshN,/ganeshn88,expert,39,2017-01-13,0,3,2
1180,ADM,/arjundas,expert,39,2017-02-13,1,2,5
1181,Sachin Shelar,/shelars1985,expert,39,2017-08-12,0,4,8
1182,Tania J,/taniaj,expert,39,2017-09-29,0,2,6
1183,zhangxin,/tenffe,expert,39,2018-01-08,0,0,7
1184,Hakki Kaan Simsek,/hakkisimsek,expert,39,2018-01-11,1,1,3
1185,Dmitriy Ershov,/bejeweled,expert,39,2018-06-21,0,2,3
1186,Anil Kumar Reddy,/kunduruanil,expert,39,2018-07-10,0,0,5
1187,Deepak Chaudhary,/deepakd14,expert,39,2018-08-23,0,0,5
1188,Dhruv Makwana,/dhruvmak,expert,39,2018-10-30,0,0,5
1189,suprit.deepak,/serendipity09,expert,39,2019-03-09,0,0,5
1190,Ashutosh619-sudo,/ashutosh619sudo,expert,39,2019-12-29,0,0,6
1191,databeru,/databeru,expert,39,2020-02-03,0,0,5
1192,Siraz Naorem,/siraznaorem,expert,39,2020-02-06,0,0,5
1193,Aishwarya,/aishwaryapalit,expert,39,2020-04-10,0,1,4
1194,Suryaa,/suryaaseran,expert,39,2020-05-11,0,0,6
1195,Rohit Gupta,/rohitgupta2120,expert,39,2020-06-12,0,0,5
1196,Mycroft Holmes,/stocks,expert,38,2014-11-08,0,1,5
1197,Sergei Neviadomski,/neviadomski,expert,38,2015-04-07,2,2,1
1198,Juan,/aceconhielo,expert,38,2016-12-18,0,0,5
1199,outrunner,/outrunner,expert,38,2017-02-28,1,1,3
1200,Jack Vial,/jackvial,expert,38,2017-04-04,1,0,4
1201,Pushkar Sheth,/phsheth,expert,38,2017-08-18,0,2,3
1202,SkalskiP,/skalskip,expert,38,2017-09-25,0,3,4
1203,Prashant Manshani,/prazhant,expert,38,2017-12-06,0,1,4
1204,Piyush Mishra,/piyushmishra1999,expert,38,2018-02-20,0,0,5
1205,Jensen,/a03102030,expert,38,2018-04-15,0,0,6
1206,D1nall,/swarajshinde,expert,38,2018-09-02,0,0,5
1207,Nicolas H,/nhlr21,expert,38,2018-09-08,0,1,6
1208,JM100,/jmourad100,expert,38,2018-09-11,0,0,5
1209,Claudio Fanconi,/fanconic,expert,38,2018-10-26,0,0,6
1210,Daria Chemkaeva,/lsind18,expert,38,2019-03-08,0,0,7
1211,Sainath Krothapalli,/sainathkrothapalli,expert,38,2019-03-10,0,0,5
1212,Ashwath Balaji,/ashwathbalaji,expert,38,2019-08-19,0,0,5
1213,Samet √áEVƒ∞K,/sametevik,expert,38,2019-12-31,0,0,5
1214,Aditya,/adityadesai13,expert,38,2020-06-24,0,0,5
1215,Krishanu Adhikary,/krishanuadhikary,expert,38,2020-08-08,0,0,5
1216,FoucardM,/foucardm,expert,38,2020-08-09,0,0,5
1217,Liling Tan,/alvations,expert,37,2014-02-17,0,1,4
1218,Mohanraj,/mytymohan,expert,37,2015-06-05,0,2,4
1219,n01z3,/drn01z3,expert,37,2015-08-27,2,3,1
1220,Duo An,/classtag,expert,37,2016-10-22,2,1,4
1221,Defend Intelligence,/anisayari,expert,37,2017-10-03,0,2,4
1222,Avinash Kumar,/iavinas,expert,37,2018-01-01,0,1,4
1223,Miri Choi,/mirichoi0218,expert,37,2018-02-07,1,1,3
1224,Pragyan Subedi,/pragyanbo,expert,37,2018-02-13,0,1,5
1225,Sabin Hashmi,/sabinhashmi,expert,37,2018-05-10,0,0,7
1226,Venkatesh Garnepudi,/venky73,expert,37,2018-08-15,0,0,6
1227,Meric Pakkan,/pakkanmeric,expert,37,2018-10-16,0,0,5
1228,Orhan Sertkaya,/orhansertkaya,expert,37,2018-11-24,0,0,7
1229,Nader Atef,/nadergo,expert,37,2018-12-11,0,0,5
1230,Alexander Antonov,/trolukovich,expert,37,2019-01-05,0,0,5
1231,Sovit Ranjan Rath,/sovitrath,expert,37,2019-02-02,0,0,5
1232,davejammin,/djbacad,expert,37,2019-02-04,0,0,6
1233,Greeshma,/greeshmagirish,expert,37,2019-07-17,0,0,9
1234,Gotam Dahiya,/apollo2506,expert,37,2019-08-18,0,0,5
1235,Michael Lee,/ludwing129,expert,37,2019-08-30,0,0,6
1236,Dijoraj Sen Roy,/dijorajsenroy,expert,37,2019-09-08,0,0,6
1237,Ashutosh Varma,/ashutoshvarma,expert,37,2019-12-10,0,0,6
1238,Mansi Meena,/mansimeena,expert,37,2019-12-22,0,0,5
1239,Mahmood Hoseini,/mahmoodhoseini,expert,37,2020-01-07,0,0,5
1240,waikiki,/sanokei,expert,37,2020-04-24,0,0,5
1241,Pinaki MIshra,/pinakimishrads,expert,37,2020-05-01,0,0,5
1242,Barƒ±≈ü Hasdemir,/barishasdemir,expert,37,2020-07-07,0,0,5
1243,Philipp Schmidt,/philschmidt,expert,36,2013-05-28,3,2,0
1244,RVK,/rahulvks,expert,36,2015-09-14,0,1,8
1245,Donyoe,/donyoe,expert,36,2016-02-08,1,1,15
1246,SubhamoyBhaduri,/subhamoybhaduri,expert,36,2016-08-03,0,0,5
1247,Cam Nugent,/camnugent,expert,36,2016-09-10,0,2,10
1248,Bruce,/moizzz,expert,36,2016-10-25,1,1,3
1249,Bhuwanesh Tripathi,/bhuwanesh340,expert,36,2017-05-02,0,0,6
1250,Macit Giray G√∂kƒ±rmak,/mgiraygokirmak,expert,36,2017-11-30,0,0,6
1251,Oleksandr Kosovan,/kosovanolexandr,expert,36,2017-12-30,0,0,6
1252,Zhuang Jia,/jiazhuang,expert,36,2018-01-19,0,2,5
1253,Antonis Maronikolakis,/antmarakis,expert,36,2018-02-06,0,3,4
1254,Jake,/jakelj,expert,36,2018-07-24,0,1,4
1255,siddhant ranjan,/iamsiddhant,expert,36,2018-08-31,0,0,5
1256,Harsh,/harshaggarwal7,expert,36,2018-09-01,0,0,5
1257,MoezAbid,/moezabid,expert,36,2018-11-24,0,0,5
1258,G-Dant,/guidant,expert,36,2019-03-25,0,0,5
1259,Krishna Chaitanya Yarlagadda,/krishcy25,expert,36,2019-06-13,0,0,5
1260,Carmine Minichini,/virosky,expert,36,2019-09-28,0,0,5
1261,akash tk,/akashtk,expert,36,2020-04-13,0,0,5
1262,Jithendra Yenugula,/saiyan6174,expert,36,2020-05-04,0,0,5
1263,Aleksey Nozdryn-Plotnicki,/alekseynp,expert,35,2010-11-14,0,2,3
1264,piby4,/tomtillo,expert,35,2015-01-25,0,0,5
1265,DSEverything,/dongxu027,expert,35,2015-04-25,1,2,5
1266,Abhilash Awasthi,/abhilashawasthi,expert,35,2015-05-02,0,3,4
1267,Vadim Nareyko,/nareyko,expert,35,2017-10-03,0,2,6
1268,Vidhya,/vidhyasankari,expert,35,2018-01-09,0,0,6
1269,Sachin Chaturvedi,/sachin93,expert,35,2018-02-19,0,0,5
1270,Sanket(‰ø°Âè∑),/sanket30,expert,35,2018-05-31,0,0,15
1271,Stefano Nocco,/snocco,expert,35,2018-07-30,0,1,5
1272,Andrew W,/jrw2200,expert,35,2018-08-18,0,1,5
1273,Agirlcoding ,/agirlcoding,expert,35,2018-10-23,0,0,5
1274,William Guesdon,/wguesdon,expert,35,2019-08-11,0,0,6
1275,Matthew Morgan,/matt4byu,expert,35,2019-10-24,0,0,5
1276,Alberto Maria Falletta,/albeffe,expert,35,2020-03-16,0,0,6
1277,Aditya Naresh,/recursion17,expert,35,2020-07-26,0,0,5
1278,Fernando Ramacciotti,/fernandoramacciotti,expert,34,2015-07-29,0,0,6
1279,Ankur Singh,/ankur310794,expert,34,2016-03-31,0,3,8
1280,Gowri Shankar,/gowrishankarin,expert,34,2016-05-29,0,0,7
1281,AJ,/ankitjha,expert,34,2016-06-11,0,1,6
1282,Kartik Godawat,/crazydiv,expert,34,2016-07-12,0,0,6
1283,seefun,/seefun,expert,34,2016-09-30,0,0,7
1284,Shikha Agrawal,/shikha130vv,expert,34,2018-05-24,0,0,5
1285,Muhammad Tahir,/tahirmuslimscientist,expert,34,2018-09-08,0,1,7
1286,Dhruv,/dhruvagg,expert,34,2019-02-12,0,0,5
1287,Pritha Roy Choudhury,/pritharc,expert,34,2019-09-24,0,0,5
1288,Yash Naik,/yashnaik12,expert,34,2019-09-25,0,0,6
1289,Joshua Choi,/joshuajhchoi,expert,34,2019-10-01,0,0,5
1290,Simo333 ,/simo333,expert,34,2019-11-22,0,0,5
1291,Yash Chauhan,/lazrus,expert,34,2020-05-22,0,0,5
1292,danzel,/springmanndaniel,expert,33,2016-05-06,0,1,5
1293,Ryoji Nomura,/rio114,expert,33,2017-01-21,1,0,4
1294,Nikhil Tomar,/nikhilroxtomar,expert,33,2017-04-13,0,2,6
1295,Rishabh Pande,/rishpande,expert,33,2017-11-03,0,2,7
1296,Jes√∫s Mart√≠n de la Sierra,/jmartindelasierra,expert,33,2018-02-07,0,1,6
1297,siddharth,/siddhrath,expert,33,2018-07-04,0,0,11
1298,Harsh,/harshris21,expert,33,2018-08-07,0,0,5
1299,Sarthak Batra,/sarthakbatra,expert,33,2018-09-13,0,1,4
1300,Catadanna,/catadanna,expert,33,2019-08-23,0,0,5
1301,Aditya,/aditya48,expert,33,2019-08-26,0,0,5
1302,Viswanadth Bolla,/viswanadthbolla,expert,33,2019-09-18,0,0,6
1303,Mustafa Bozkurt,/mustafabozkurt,expert,33,2020-02-20,0,0,6
1304,Abhishek Parashar,/abhiparashar,expert,33,2020-05-26,0,0,6
1305,Ravikanth,/ravileo,expert,32,2017-07-06,0,0,5
1306,Hamish,/hamishdickson,expert,32,2017-09-21,0,0,7
1307,Mukut Khandelwal,/mukutkhandelwal,expert,32,2018-09-14,0,0,5
1308,Kushagr Nagpal,/nayalaunda,expert,32,2018-12-28,0,0,5
1309,batu bayraktar,/batuhan35,expert,32,2019-06-22,0,0,6
1310,Syphax,/syphax93,expert,32,2020-05-11,0,0,5
1311,Priyanka Mohanta,/priyankamohanta,expert,32,2020-05-23,0,0,5
1312,Szymon Bednorz,/dsonyy,expert,32,2020-05-30,0,0,6
1313,JMT5802,/jimthompson,expert,31,2012-06-05,1,3,3
1314,jayjay,/jayjay75,expert,31,2014-12-19,0,1,6
1315,Claudio Giorgio Giancaterino,/zeus75,expert,31,2016-03-02,0,0,5
1316,TimLee,/timolee,expert,31,2016-05-15,1,3,1
1317,Aswathi KV,/aswathikv,expert,31,2016-10-17,0,0,5
1318,Saman Masarat,/smasar,expert,31,2016-11-25,0,2,3
1319,Nathan Lauga,/nathanlauga,expert,31,2017-03-13,0,1,5
1320,Nayan,/nayansolanki2411,expert,31,2017-04-27,0,4,5
1321,Srihari Pramod,/sriharipramod,expert,31,2018-07-28,0,0,6
1322,omegaji,/omegaji,expert,31,2019-02-02,0,0,5
1323,ƒ∞smail Sefa Akdeniz,/ismailsefa,expert,31,2019-03-14,0,0,6
1324,Alex Tsepa,/imgremlin,expert,31,2019-07-10,0,0,5
1325,Vikas Ojha,/vikasojha98,expert,31,2019-07-18,0,0,5
1326,Arpit falcon,/arpitfalcon,expert,31,2019-12-16,0,0,5
1327,Sumit Tak,/sumittak,expert,31,2020-03-24,0,0,5
1328,Vadim Borisov,/hireme,expert,30,2014-06-08,0,3,5
1329,wti 200,/wti200,expert,30,2014-08-13,0,3,8
1330,EZ,/ezietsman,expert,30,2015-04-16,0,2,4
1331,Some Aditya Mandal,/someadityamandal,expert,30,2015-04-28,0,1,4
1332,silverstone,/silverstone1903,expert,30,2015-05-14,0,1,6
1333,AdhokshajaPradeep,/adhok93,expert,30,2015-11-05,0,1,12
1334,Manish Kumar,/gargmanish,expert,30,2016-08-24,1,1,3
1335,G√°bor Vecsei,/gaborvecsei,expert,30,2016-09-09,0,2,3
1336,Sahil Tyagi,/tyagit3,expert,30,2016-10-10,0,1,4
1337,takuoko,/takuok,expert,30,2016-12-20,0,2,3
1338,Chandra Bhushan Roy,/chandraroy,expert,30,2017-06-10,0,1,6
1339,vikashrajluhaniwal,/vikashrajluhaniwal,expert,30,2017-10-05,0,0,5
1340,Ashish Jagadish,/sarvajna,expert,30,2017-12-08,0,1,4
1341,Jim Sullivan,/jimpsull,expert,30,2018-03-29,1,0,5
1342,nadare,/nadare,expert,30,2018-06-01,0,0,5
1343,Cihan Yatbaz,/cihanyatbaz,expert,30,2018-08-14,0,0,6
1344,Amaan,/rainmaker29,expert,30,2018-09-02,0,0,5
1345,Muhammad Ayman,/muhammadayman,expert,30,2019-05-31,0,0,5
1346,Rahul Anand,/ranand60,expert,30,2019-07-03,0,0,5
1347,Swinal Meshram,/swinalmeshram,expert,30,2019-07-07,0,0,6
1348,voona sanjana,/sanjanavoona1043,expert,30,2019-08-25,0,0,5
1349,Muhammed Nafiz Canƒ±tez,/nafizcntz,expert,30,2019-11-22,0,0,5
1350,Anindita Karmakar,/aninditakarmakar,expert,30,2020-08-02,0,0,5
1351,Ben Gorman,/ben519,expert,29,2013-06-26,0,2,3
1352,dune_dweller,/dvasyukova,expert,29,2014-08-10,3,3,6
1353,Humberto Brand√£o,/brandao,expert,29,2015-11-04,0,1,4
1354,JyeSR,/jyesawtellrickson,expert,29,2015-11-24,0,0,6
1355,Cro-Magnon,/robertoruiz,expert,29,2016-10-07,2,3,7
1356,Pavel Govoruha,/govoruha,expert,29,2017-03-29,0,0,7
1357,P_R_Mohanty,/prmohanty,expert,29,2017-09-16,0,1,4
1358,Vinayak Sharma,/vinayaks,expert,29,2017-10-05,0,1,4
1359,Rohit Gupta,/rohitgr,expert,29,2018-02-08,0,0,5
1360,Harshit Kapoor,/hkapoor,expert,29,2018-03-30,0,0,5
1361,Minyong Shin,/gyejr95,expert,29,2018-04-12,0,0,5
1362,Emre TATBAK,/etatbak,expert,29,2018-10-29,0,0,5
1363,Rohit Kumar Singh,/iamrohitsingh,expert,29,2019-09-02,0,0,5
1364,Animesh Nareda,/animeshnareda,expert,29,2020-05-20,0,0,6
1365,Ritik Dua,/ritikdua,expert,29,2020-06-15,0,0,5
1366,TSilveira,/tsilveira,expert,28,2015-04-20,0,1,5
1367,Roberto Spadim,/rspadim,expert,28,2015-11-26,0,2,6
1368,GunnvantSaini,/gunnvant,expert,28,2015-12-17,0,3,3
1369,tarobxl,/tarobxl,expert,28,2016-05-19,0,1,8
1370,SIDHARTH,/sidharthkumar,expert,28,2016-08-20,0,0,6
1371,Francis Paul Flores,/grosvenpaul,expert,28,2016-08-22,0,3,2
1372,Alexander Scarlat MD,/drscarlat,expert,28,2017-02-13,0,0,5
1373,hatunina,/hatunina,expert,28,2017-10-13,0,1,4
1374,Zoumana,/keitazoumana,expert,28,2018-03-09,0,0,5
1375,YeonJun IN,/mbnb8317,expert,28,2018-03-16,0,0,5
1376,filipefilardi,/filipefilardi,expert,28,2018-04-01,0,0,5
1377,Prayank ,/prayankkul,expert,28,2018-09-02,0,0,5
1378,Jang,/janged,expert,28,2018-10-25,0,1,5
1379,Lorenzo De Tomasi,/lodetomasi1995,expert,28,2019-01-27,0,0,5
1380,Yassine Hamdaoui,/yassinehamdaoui1,expert,28,2019-04-05,0,0,5
1381,Varun Yadav,/varunyadav17,expert,28,2019-05-03,0,0,5
1382,kmatsuyama,/kmatsuyama,expert,28,2019-07-30,0,0,5
1383,sai teja reddy,/saitej31,expert,28,2019-09-17,0,0,5
1384,mlandry,/mlandry,expert,27,2012-07-01,1,2,8
1385,David Thaler,/davidthaler,expert,27,2013-03-23,1,2,6
1386,Luis Bronchal,/lbronchal,expert,27,2015-08-05,0,1,11
1387,KratiSaxena,/kratisaxena,expert,27,2017-06-24,0,1,4
1388,Himanshu Chaudhary,/him4318,expert,27,2017-08-08,1,1,3
1389,Sheik Mohamed Imran,/imrandude,expert,27,2017-10-21,0,0,7
1390,Pawan Jain,/dude431,expert,27,2017-12-10,0,0,6
1391,Dilip Kumar,/dilip990,expert,27,2018-01-10,0,0,5
1392,Shashank Gupta,/wrecked22,expert,27,2019-07-11,0,0,5
1393,Amulya,/amulyamanne,expert,27,2019-08-30,0,0,5
1394,GauthamKumaran,/gautham11,expert,26,2015-10-21,0,0,5
1395,den3b,/den3b81,expert,26,2016-10-03,1,3,3
1396,InfiniteWing,/infinitewing,expert,26,2017-06-01,0,2,5
1397,rahul yadav,/rahullalu,expert,26,2017-07-16,0,1,6
1398,Vadim Shestopalov,/vchulski,expert,26,2017-11-13,0,0,5
1399,Tushar,/thanatoz,expert,26,2017-12-09,0,0,5
1400,Piyush Rastogi,/piyras23,expert,26,2018-04-15,0,2,4
1401,Deepak N,/deepak525,expert,26,2018-07-07,0,1,4
1402,Vianney Taquet,/vtaquet,expert,26,2019-02-21,0,0,5
1403,Stanislav Jir√°k,/jirakst,expert,26,2019-03-01,0,0,5
1404,Gautham Pughazhendhi,/gauthampughazh,expert,26,2019-06-29,0,0,5
1405,Juhi Badiyani,/juhi1994,expert,26,2019-08-28,0,0,5
1406,BingQing Wei,/alphasis,expert,25,2016-03-31,1,2,3
1407,osbornep,/osbornep,expert,25,2016-10-20,0,1,4
1408,Submarineering,/submarineering,expert,25,2017-10-30,1,2,4
1409,rednivrug,/rednivrug,expert,25,2017-12-03,0,2,3
1410,Mykhailo Nedodai,/sarmat,expert,25,2018-01-02,0,0,5
1411,Nasir Islam Sujan,/nasirislamsujan,expert,25,2018-01-04,0,1,5
1412,Tapioca J,/tapioca,expert,25,2018-01-12,0,2,3
1413,Miguel Angel Cotrina Espinoza,/macespinoza,expert,25,2018-04-30,0,0,6
1414,RodH,/rdhnw1,expert,25,2018-12-20,0,0,6
1415,AldrinL,/aldrinl,expert,25,2019-02-09,0,0,5
1416,Sagar Bhardwaj,/sagaramu,expert,25,2019-08-02,0,0,5
1417,tks,/tks0123456789,expert,24,2011-02-26,0,4,6
1418,Arunsankar Kumarakurubaran,/arunsankar,expert,24,2013-12-27,0,1,8
1419,üê≥È≤≤(China),/nickycan,expert,24,2015-10-23,1,1,4
1420,ShubhankarMohan,/bitthal,expert,24,2015-10-24,0,0,5
1421,gopisaran,/gopisaran,expert,24,2016-06-12,1,0,4
1422,Jiashen Liu,/jiashenliu,expert,24,2016-09-07,0,1,13
1423,Karthik Tsaliki,/karthik7395,expert,24,2017-05-26,0,0,5
1424,Gunther,/guntherthepenguin,expert,24,2017-12-12,0,1,6
1425,Shravan Raikar,/shravanraikar,expert,24,2018-01-30,0,0,5
1426,YoonSoo,/harangdev,expert,24,2018-04-07,0,0,5
1427,sanket meshram,/sanket2407,expert,24,2019-08-25,0,0,6
1428,shivyshiv,/shivyshiv,expert,24,2019-10-23,0,0,5
1429,Ren,/ryanzhang,expert,23,2014-02-01,1,0,4
1430,Zeeshan-ul-hassan Usmani,/zusmani,expert,23,2016-04-19,0,2,5
1431,Ehsan,/safavieh,expert,23,2016-04-29,0,2,3
1432,Will Canniford,/willcanniford,expert,23,2017-12-06,0,1,5
1433,Snjumaheshwari,/snjumaheshwari,expert,23,2018-06-21,0,0,5
1434,NoLogic,/veeralakrishna,expert,23,2019-02-09,0,0,5
1435,AnuragNegi,/anuragnegi,expert,23,2019-05-07,0,0,5
1436,Vijay Gupta,/vijaygiitk,expert,23,2019-08-01,0,0,5
1437,Eric Vos,/a45632,expert,22,2016-12-12,0,1,4
1438,Loic Merckel,/merckel,expert,22,2017-05-11,0,1,7
1439,Graeme Keleher,/graeme16161,expert,22,2017-10-13,0,0,8
1440,Rohan Aggarwal,/rohan9889,expert,22,2019-05-06,0,0,5
1441,Jigyashu Suraj,/jigyashusuraj,expert,22,2019-08-26,0,0,5
1442,Sharmistha Ghosh,/sharmistha96,expert,22,2019-08-27,0,0,5
1443,shubhankit sirvaiya,/shubhankitsirvaiya06,expert,22,2020-05-03,0,0,5
1444,ŒúŒ±œÅŒπŒøœÇ ŒúŒπœáŒ±Œ∑ŒªŒπŒ¥Œ∑œÇ KazAnova,/kazanova,expert,21,2013-06-24,0,0,7
1445,dmi3kno,/dmi3kno,expert,21,2015-07-23,2,2,9
1446,<Amit|Kumar|Jaiswal>,/amitkumarjaiswal,expert,21,2015-11-24,0,0,5
1447,mtodisco10,/mtodisco10,expert,21,2016-02-05,0,0,5
1448,Somin Wadhwa,/sominwadhwa,expert,21,2016-08-11,0,1,8
1449,arma deger.mut,/armamut,expert,21,2016-09-11,0,3,2
1450,"Alan ""AJ"" Pryor, Ph.D.",/apryor6,expert,21,2016-10-06,2,0,4
1451,hklee,/zeemeen,expert,21,2016-11-29,0,3,3
1452,Kanav Anand,/kanav0183,expert,21,2017-01-15,0,1,7
1453,Matthew Anderson,/matthewa313,expert,21,2017-04-09,0,2,5
1454,Alexander Firsov,/alexfir,expert,21,2017-04-10,0,2,3
1455,Jofen,/jiaofenx,expert,21,2017-06-30,0,0,5
1456,akshita,/akshita72,expert,21,2018-03-29,0,0,6
1457,Ladle Patel,/lpdataninja,expert,21,2018-05-27,0,0,6
1458,Akhilesh,/akhileshrai,expert,21,2018-12-28,0,0,5
1459,Darragh,/darraghdog,expert,20,2014-07-03,1,2,4
1460,HaimFeldman,/haimfeld87,expert,20,2017-01-04,0,1,6
1461,Prashanth Thangavel,/prashanththangavel,expert,20,2017-01-25,0,0,6
1462,Siddharth Jain,/sidjain1611,expert,20,2018-11-24,0,0,5
1463,Ashish Barvaliya,/ashishbarvaliya,expert,20,2019-06-17,0,0,5
1464,DDgg,/tobikaggle,expert,19,2012-04-10,0,1,7
1465,Eryk Walczak,/erykwalczak,expert,19,2015-03-18,1,1,4
1466,Jihye Sofia Seo,/jihyeseo,expert,19,2016-03-14,0,0,5
1467,ievgen,/ievgenvp,expert,19,2016-06-24,0,2,5
1468,Sandeep Pattanayak,/sandeeppat,expert,19,2018-11-30,0,0,5
1469,Shaik Mohammad Nazeer,/mohammadnazeer,expert,19,2019-08-26,0,0,5
1470,lewis,/cartographic,expert,18,2014-07-23,0,3,6
1471,Laurae,/laurae2,expert,18,2016-02-06,0,4,6
1472,VivekMangipudi,/stansilas,expert,18,2016-10-24,0,1,14
1473,Michael Johnson,/mistermichael,expert,18,2017-10-02,0,0,6
1474,interneuron,/interneuron,expert,18,2018-05-11,0,0,6
1475,Triskelion,/triskelion,expert,17,2013-07-20,1,5,6
1476,Evan Miller,/evanmiller,expert,17,2014-09-04,0,1,5
1477,Justfor,/justfor,expert,17,2014-12-26,0,4,2
1478,tkm2261,/tkm2261,expert,17,2015-10-06,0,0,5
1479,Marcel Spitzer,/msp48731,expert,17,2015-10-07,1,1,3
1480,BenjaminLott,/benjaminlott,expert,17,2016-02-01,0,1,14
1481,Sang-eon Park,/caicell,expert,17,2016-11-01,0,1,6
1482,Kueipo H.,/kueipo,expert,17,2017-03-16,1,2,3
1483,s3nh,/damianpanek,expert,16,2016-08-11,0,2,9
1484,Abigail Larion,/abigaillarion,expert,16,2016-11-16,1,1,4
1485,James Tollefson,/jamestollefson,expert,16,2016-12-22,0,2,4
1486,Newmenji Jose Patris,/jpnewmenji,expert,16,2017-01-20,0,0,8
1487,Ritesh Saluja,/ritesaluja,expert,16,2017-02-06,0,0,5
1488,Ethan Sukhyun Hong,/sukhyun9673,expert,16,2017-11-27,0,0,7
1489,Arseny Kravchenko,/arsenyinfo,expert,15,2014-02-10,0,3,2
1490,Jared Turkewitz,/jturkewitz,expert,15,2015-03-17,1,0,4
1491,Enrique P√©rez Herrero,/enrique1500,expert,15,2015-04-08,1,0,6
1492,VamsiKrishna,/vamsikrishna,expert,15,2015-05-05,0,2,4
1493,Teza,/tejasrinivas,expert,15,2015-06-14,0,2,4
1494,danieleewww,/danieleewww,expert,15,2015-10-29,0,0,5
1495,Yohan,/yohanb,expert,15,2017-02-21,0,1,7
1496,Jason Duncan-Wilson,/jasonduncanwilson,expert,15,2017-10-31,0,1,4
1497,Vijay Bhati,/vj1998,expert,15,2018-01-18,0,0,7
1498,Alihan Tabak,/alihantabak,expert,15,2018-09-10,0,0,5
1499,Alexander Butakov,/acbutakov,expert,15,2019-03-17,0,0,5
1500,Alexander  Larko,/alexxanderlarko,expert,14,2010-05-14,0,1,4
1501,MrOoijer,/mrooijer,expert,14,2013-03-17,0,1,5
1502,MuhammedBuyukkinaci,/mbkinaci,expert,14,2016-05-13,0,0,6
1503,Nishant,/nksingh673,expert,14,2017-04-20,0,2,3
1504,Uddeshya Singh,/uds5501,expert,14,2017-12-28,0,0,5
1505,Rupesh Sreeraman,/rupeshs,expert,14,2018-01-15,0,0,5
1506,Muhammed Emin Tetik,/metetik,expert,14,2018-08-03,0,0,5
1507,Ramesh Sharma,/jian1201,expert,14,2019-08-12,0,0,5
1508,Bluefool,/domcastro,expert,13,2010-08-08,0,0,10
1509,Lem Ko,/lemonkoala,expert,13,2011-11-12,0,0,5
1510,Ritesh Sinha,/riteshsinha,expert,13,2013-06-01,0,0,6
1511,Ibad Ur Rahman,/ibadia,expert,13,2016-01-04,0,1,4
1512,Bionic,/josephgpinto,expert,13,2016-01-24,0,0,8
1513,RanLiu,/ranliu,expert,13,2016-04-08,0,1,4
1514,SathviSiva,/sathvisiva,expert,13,2016-07-21,0,0,6
1515,richarde,/richarde,expert,13,2016-08-08,0,0,5
1516,Aditya Vyas,/aditya1702,expert,13,2016-08-28,0,1,4
1517,AmberThomas,/amberthomas,expert,13,2016-11-04,0,3,2
1518,Chin Ee Kin,/dicksonchin93,expert,13,2017-08-06,0,0,7
1519,SAN,/nikitsoftweb,expert,13,2017-10-11,0,0,6
1520,Simran Sinha,/simransinha5514,expert,13,2018-10-31,0,0,5
1521,clustifier,/clustifier,expert,12,2012-11-11,0,2,4
1522,Tom Stewart,/srlmayor,expert,12,2017-03-22,0,1,4
1523,Akhilesh Rai,/akhileshrai003,expert,12,2018-04-15,0,0,5
1524,msjgriffiths,/msjgriffiths,expert,11,2012-05-29,1,1,7
1525,amaia,/aamaia,expert,11,2013-05-08,0,1,8
1526,Shikhar,/shikhar1,expert,11,2015-02-08,0,1,4
1527,Nick Sarris,/misfyre,expert,11,2015-07-15,0,2,3
1528,√òystein Sch√∏nning-Johansen,/oysteijo,expert,11,2016-06-20,0,2,5
1529,jmbull,/jmbull,expert,11,2016-12-15,0,1,4
1530,Anurag Sharma,/anu0012,expert,11,2017-02-06,0,0,6
1531,wolfgang,/wolfgangb33r,expert,11,2017-08-07,0,0,7
1532,Jay Talati,/jaytalati87,expert,11,2018-06-14,0,0,5
1533,Shabbir,/shabbrikhan0015,expert,11,2018-08-31,0,0,6
1534,Willie Liao,/willieliao,expert,10,2011-10-10,0,2,8
1535,YuYangLiu,/c34klh123,expert,10,2016-06-15,0,0,5
1536,Pratik Mirani,/pratikmirani,expert,10,2018-06-25,0,0,5
1537,MuP62,/mukesh62,expert,10,2018-08-10,0,1,4
1538,JeffH,/jeffhebert,expert,9,2014-04-09,0,2,11
1539,Swaroop Kallakuri,/ksjpswaroop,expert,9,2014-06-22,0,0,7
1540,remidi,/remidi,expert,9,2015-10-19,0,1,4
1541,Max Philipp,/maxphilipp,expert,9,2016-10-10,0,0,9
1542,Mubashir M,/mubashir44,expert,9,2017-08-02,0,0,5
1543,Nishank Magoo,/nishankmagoo,expert,9,2017-09-04,0,0,5
1544,Alexandre Barachant,/alexandrebarachant,expert,8,2013-07-30,0,3,2
1545,Devin Anzelmo,/devinanzelmo,expert,8,2013-12-09,0,1,4
1546,SchoolPal,/schoolpal,expert,8,2017-05-11,0,1,5
1547,Mehdi,/mnoori,expert,8,2017-11-29,0,0,5
1548,Marcin Pƒôkalski,/mpekalski,expert,7,2011-04-04,0,0,5
1549,Subhajit Mandal,/mandalsubhajit,expert,7,2012-12-04,0,1,4
1550,NxGTR,/carloshuertas,expert,7,2014-11-25,0,0,6
1551,ironbar,/ironbar,expert,7,2014-11-28,0,1,4
1552,shubh24,/shubh24,expert,7,2015-04-09,0,0,9
1553,ArjoonnSharma,/arjoonn,expert,7,2015-12-23,0,1,5
1554,Ujjwal,/ujjwal9,expert,7,2017-01-24,0,0,5
1555,E-M-A-D,/etakla,expert,6,2016-01-27,0,0,5
1556,Ed King,/kinguistics,expert,6,2016-09-28,0,0,5
1557,ShashankBhushan,/monkeydunkey,expert,5,2016-06-21,0,0,5
1558,Ronald Troncoso,/ronaldtroncoso20,expert,5,2016-10-14,0,0,5
1559,Soumitra Agarwal,/artimous,expert,4,2015-01-06,0,0,7
1560,Kate,/katerynad,expert,4,2016-05-26,0,0,4
1561,Kostya Bahshetsyan,/kostyabahshetsyan,expert,4,2016-08-01,0,0,4
1562,VirgoData,/virgodata,expert,4,2017-07-24,0,0,5
1563,wacax,/wacaxx,expert,3,2011-11-17,0,0,5
1564,Ben Watson,/benwatson,expert,3,2012-01-09,0,0,5
1565,Ronin,/rdslater,expert,3,2015-12-08,0,0,5
1566,MHA,/hamzaashraf,expert,3,2017-07-24,0,0,5
1567,David Chudzicki,/dchudz,expert,2,2010-11-21,0,0,7
